Subject_ID,Trial_ID,C3_Wavelet_F1,C3_Wavelet_F2,C3_Wavelet_F3,C3_Wavelet_F4,C3_Wavelet_F5,C3_Wavelet_F6,C3_Wavelet_F7,C3_Wavelet_F8,C3_Wavelet_F9,C3_Wavelet_F10,C4_Wavelet_F1,C4_Wavelet_F2,C4_Wavelet_F3,C4_Wavelet_F4,C4_Wavelet_F5,C4_Wavelet_F6,C4_Wavelet_F7,C4_Wavelet_F8,C4_Wavelet_F9,C4_Wavelet_F10,Cz_Wavelet_F1,Cz_Wavelet_F2,Cz_Wavelet_F3,Cz_Wavelet_F4,Cz_Wavelet_F5,Cz_Wavelet_F6,Cz_Wavelet_F7,Cz_Wavelet_F8,Cz_Wavelet_F9,Cz_Wavelet_F10,C3_Optimized_F1,C3_Optimized_F2,C3_Optimized_F3,C3_Optimized_F4,C3_Optimized_F5,C4_Optimized_F1,C4_Optimized_F2,C4_Optimized_F3,C4_Optimized_F4,C4_Optimized_F5,Cz_Optimized_F1,Cz_Optimized_F2,Cz_Optimized_F3,Cz_Optimized_F4,Cz_Optimized_F5,Target
9,48,-0.3335438604867894,0.2847236370862508,0.9807123521208976,-1.4840974094111163,-0.1654759537824386,0.2087223075104621,-0.9222632343673158,0.9297168572814034,0.5995007859831479,0.9981213406944724,2.1596941823546474,0.3301383990190209,-0.283169707876206,0.9385753664092114,-0.5879632965708306,0.4641212136260332,1.036828257644124,0.8321913117705325,1.4073452560484,-0.2732148554503442,0.7090557887894248,0.0928073532422712,0.2532395644044264,0.2532885075081088,0.5389104462034271,-0.0334235888958336,-1.4204411601518236,0.1542151830730163,0.3617609787629536,-0.0418666965163372,-0.2903212301149956,0.414847018136586,1.2720048566286954,-1.3981775604674074,-0.1724046027314748,2.3917297325187725,0.3848641488435353,-0.1633037487013403,1.345530431576415,-0.6449955676519227,1.014764638781556,0.105048501259246,0.2357699568906034,0.2702406036606319,0.7164832026419672,2
2,42,-0.0442115137162227,0.5927715473030464,-0.1898010588445186,1.560168596165591,1.1612751571378692,0.2986936415413455,1.6742149712084669,0.3096646130463913,0.0662362829436244,1.4701652515498818,-1.3992095729944751,0.1678481201130867,0.3531600208483729,-0.2226186810002522,-0.7455153546384194,-0.071902342302012,-1.5103170004997568,1.5534127741151424,1.6034139150493707,0.0733106837881623,-0.3109723860216242,-1.4770594622329507,-0.6537820989987373,1.4828954852674918,0.0081175998355318,-0.5137746355690049,0.0465118448755219,-0.5393916009977798,-1.5765414241461468,-0.3064391453211406,-0.0503022121031753,0.3933765319152268,-0.1487783628272713,1.9997576280543952,1.1153022943152306,-2.089958268071153,0.148790769459423,0.3401852981863783,-0.1781523274563631,-0.548918188937518,-0.4422902440334551,-1.8445912054907263,-0.5448636568135028,1.7797058986623835,0.011898645931469,1
9,5,-0.4665075273501172,-0.4089155349199863,-0.6993188732566719,-1.1978537453259108,-0.6347954821042419,-1.6131300189146889,0.6830625815082649,0.3945236051618757,0.5605292848705127,-0.9544040505751428,-1.1950705635150565,0.0535142743135602,0.0641025649502253,-0.1472698275129453,-0.2894832691878494,1.7107757776943866,0.4260250117929784,1.970678391466491,1.2689650254316331,1.7032709260173449,-1.074462766356002,0.5931709909980298,-0.431765488993373,-1.6633867113595329,1.4960031695555258,-0.2936925257056291,-1.0551016302666845,-0.4145638632486934,-0.7962241227738193,-0.6936979676166672,-0.5745786701191244,-0.3967869425688368,-0.8452182578884931,-1.0974971761368335,-0.8821978817888955,-1.772911450136238,0.062603272914375,0.0874238830301676,-0.1484381584009891,-0.4152987309106691,-1.4307400990382937,0.8848797737640869,-0.484913115819193,-2.127815492843717,1.560134042835883,1
1,16,0.7839731429926151,-0.2890012186012172,0.1262558727139326,-0.6128579946744069,-1.3776256560635605,-1.55037687093124,-1.5370679870688635,0.6690447424705321,-2.4902817083763287,-0.6664799269634811,-0.7656532852453778,-0.2821595359874645,-1.8564315499362027,0.4038880947406186,-1.273161394159899,1.132405540709269,-0.6217656875888323,-0.0956130234119203,0.0037738565552062,0.244241052860572,0.0370143774961422,-0.4271105487326319,0.3430485306940432,0.4661471304949542,-0.7651346671096204,0.426367818973557,1.191720302401696,0.7058941961045526,0.932375241647187,0.1719208489074454,0.6091391212990428,-0.2144807226030778,0.1729162233903319,-0.6897093104098425,-0.6908065561514906,-0.6532028656725039,-0.3831320148952697,-0.978932578308683,0.2032558469277043,-0.9946691675253476,0.0523383311494205,-0.5985858588581405,0.3494847886342117,0.490963345213219,-0.6365981727717146,1
8,9,2.2785173159559986,-0.2143889319767783,0.0475146347612884,-0.9604169204092288,1.565103405574244,0.5003332073206254,-0.7746013478853117,-0.9938252888572712,0.3072039458978721,0.0442061748804525,0.8321102172211272,0.5469684731271998,-0.2644803487686226,-0.5438015954613664,-0.1599421482988339,-0.5506808466567625,-0.1301955328047618,0.0164409286193816,-0.897930893380057,0.6306798620978803,-0.3704277144696703,-0.8418843502853434,-0.351607428281868,0.2422581566202862,0.0830381998133034,0.4221181149044621,0.898346125075529,1.3049402040080331,0.2854861626880532,-1.0694023872354967,1.438691367094028,-0.1932151208236939,0.0507913929767718,-1.0169673386854858,0.9689139273061024,0.4447096307933513,0.7100932404208978,-0.3242323936999832,-0.316394048571889,-0.1003501859531479,-0.5158516254955495,-1.0684597607702035,-0.5260610740501827,0.1826596095592403,0.082025381965867,1
10,39,0.5854204410071139,0.1100187150425411,-1.917152941877313,2.095987290468793,0.2623809628600642,-0.3096596786545934,1.4617421210814645,-0.9166860861683898,-1.0935554759303097,-0.9732187683654208,-0.3799098989351803,0.0267707327550353,0.6401411739922973,-1.2510418225547664,0.3032853373302271,-0.6025601774470817,-0.1080289361685399,1.2091439440651113,0.4928576247158459,0.5761069193999334,-0.6161121400529497,1.92547011502041,0.6720808406014694,-0.4248108363469729,1.1410913292265066,0.5689450184829352,-1.2630104737701122,0.200024565941669,-0.9681695805288986,-2.0400363318990222,0.8321025586264895,0.1527278229957472,-2.536816990635288,1.8374999670209136,0.1323694238593721,-0.4488951997255425,0.0243869016546426,0.8046947073395917,-1.6199140636711329,0.2850043292509199,-0.7689711425230015,2.5800091896423587,0.9600514393058716,-0.4598387551030602,1.4588610379744094,1
7,35,-1.482118370434013,-0.9370446851917624,0.1032162597659176,-0.7122010248506275,-3.856375329240597,1.0742732974201217,-1.6840937293474054,0.589228284886637,0.0312145896695647,2.1173728164203425,0.9969574815226198,-0.5046045954849743,-0.702063562355312,1.502727680799285,-1.4758710971014115,0.190879935918708,-0.131120463249672,-0.3432260687046758,0.3535139844484254,0.1895598605086756,0.4574007427917442,0.1389756523632838,0.4176814050172476,0.0933651929315946,-0.6594268872163145,0.0040012602365953,-0.71438655970402,-0.7803766047308504,-0.3361500027177518,-0.1194231607358424,-2.082217279896612,-0.951628796873658,0.1208590968934632,-0.4039410757040632,-2.1368772195886057,1.0831621737690358,-0.7000359421983945,-0.7220597374119789,2.070487009757014,-1.9348541284544123,0.2633959493620347,0.0975549979340343,0.4835542188962614,0.0880901886130109,-0.5214087168357088,0
4,21,0.3017476817415501,-1.7693614013366434,0.9494956552807337,1.4411855668059204,-1.4429897287624562,0.2886656165459601,1.8579341453614435,-0.4719794377973724,0.6108464558758292,2.392903508064368,-1.6771488774994348,-1.0192841150098697,0.5640910993814007,2.172438621558828,-0.7112168334479686,2.4357318594418893,0.131956147396246,-1.96725566380081,1.5904816260728585,-0.4636238546099987,0.4485252785920394,-1.659169687533271,-0.7532515846590415,-1.4968719232406782,-1.6029935627107097,0.0980395979534174,0.5667774688155444,-0.5467581480120538,-1.43715378981121,-1.276105673706229,0.3432270130791537,-2.585951425050285,1.4016546069873974,1.739808074447613,-1.8103840992532527,-1.7834837657636198,-1.279992262912364,0.7670396004887691,2.142231521198631,-0.7964648924679025,0.4652627597175764,-1.7628190358616582,-1.0470557908645346,-1.280748810186905,-1.1352144342523571,2
3,13,0.9260675932328454,-0.0036710884805155,1.0217252687600726,0.3375737334390134,-0.4030922897540097,0.0876251551699639,0.4720966910550961,0.1392233984636159,0.1506842288519139,-0.7690501075867064,-0.432976265242216,2.2584607961546443,1.2284664904235425,-1.473840896809716,-2.3669689575063617,0.0761924214487222,0.8934728944259902,-0.5199418374222072,1.021658728197938,0.0596545650070841,-0.1630612797269748,0.7561151761751815,-0.5318757929022689,-0.2867063218036532,0.670167262130463,-0.0313959370660242,1.908776273377736,0.6938254128560183,0.6288138283327617,-0.0495046460650681,0.7971447613304646,-0.0050568657961748,0.6337645298266925,0.3770756688602315,-0.4436486049958377,-0.5887934904826168,1.1367210449482257,0.847557933834265,-1.060705055285842,-3.4320247199477096,-0.1065921241407742,0.4060053820364585,-0.5502050277426654,-0.2948942135243818,0.9007362749553388,1
7,46,-1.1105593834460237,0.6637956320039115,-0.3920588210648299,0.211463522390218,1.932417812409086,-0.5368629459053864,-0.2977091462199684,-0.1629425143738585,-0.3942958900356901,-0.3632774453688173,0.697708114637183,1.3233640593707403,0.1298795417679553,0.739862658374476,-0.1727817895593738,-0.1979843694066589,-0.3998732723643757,-0.764678672016201,1.2363874376588089,-0.5019170973830267,0.6110468728321857,-0.8371229071130291,0.0458764800767271,-0.0008053586669072,-0.8290804628397985,-0.3467392411951263,-1.0685741929909311,0.0167662774210114,-1.7605683819687592,-0.0577647093555586,-1.1006167812000365,0.9622621799589935,-0.3093477649994556,0.3158068245371742,1.4093692577913224,0.494052962068812,1.3826355809801676,0.1743041816204971,0.9244609953500672,-0.2114049012724285,0.4782254112664656,-0.437410762599317,0.030358682248611,-0.0006841306853787,-1.2201442450765527,3
4,19,-1.3099830361559428,1.520934728585721,-0.6331322097304,0.1974311415682362,0.2950445672486496,-0.7873156222315935,-0.786250951185374,1.126909684703219,0.67707208884533,-0.015687459758462,-0.1367918248242439,0.3166108848522933,0.3821992119201223,1.2611455222174035,-0.0208561115611434,0.4429807482001637,0.7181787951786809,0.7357751900383704,1.4497195853612284,-0.0125887786479069,-0.5658672319748156,-0.3579630232291837,0.640826684094971,-0.108101342063536,2.2867976224938507,0.0125889332452203,-0.9549533108150228,0.3227016673129792,1.538812212756033,-0.8157598097246371,-1.928282058530265,1.0160113774872348,-0.5764300858615272,0.1174900482352322,0.2190341412727993,-0.1199335105052899,0.3294789795497581,0.2792220866467175,0.9175623922780776,-0.0266505646011216,-0.8276609891827929,-0.2948229879070714,0.7612969860335939,-0.0819495152649358,3.2654378216901403,2
4,46,0.1212437318203795,-0.5546668745880683,-1.852342503109876,0.2470856556874053,0.5304897985298728,-1.574867612474653,-1.2336941643285493,0.2523299733716759,0.33914168620787,-0.9906473100920592,-0.5740647135680381,-1.8364888385704263,1.3772639038132335,-1.2998744073684525,0.5422593912485507,-0.0349606961533803,1.289593619624759,-0.7922540927747564,0.0612527103403872,-1.69842690923735,-1.9385268369397537,0.5963335838654739,-1.785025839069702,-0.2282175344345308,1.0112954479729197,0.7466848560946794,-0.6645854879485937,-1.5885031364081723,0.5094948616555286,1.3422567828601808,0.085570251890565,-0.4201279841163103,-2.43916835536463,0.175204535222222,0.4425121639267815,-0.668417238815179,-1.948721052821724,1.3233718499181462,-1.819487621106566,0.3902697573870767,-2.4065257743487454,0.3930219020719847,-1.9916137222899213,-0.3128003302796007,0.968721715259173,2
8,41,0.2804321100614477,0.5835207318720798,-0.7100170331008595,-1.296708570186106,0.8162628014724894,0.6756187426079024,0.4693898328861845,0.3752755881887358,-0.397280701251242,-0.1776101209156868,0.0758454000364148,-0.8429185154143444,0.3834531796349783,0.1192126409746784,-0.1353853902352872,0.9125079578791584,-0.1010467210328308,0.659626568163297,-1.1886839517805003,0.8402097807132324,0.6041774821983296,2.161817941137746,1.6009036925001596,0.936354152450869,-0.5387732638157791,-0.8852572875607955,-0.7250044758094781,0.509483294160168,1.294237397528483,-1.210907150820015,0.4031634993092202,0.3356995977178404,-0.7217754825369965,-0.7545616404266489,0.7176027091476797,0.0512249595817004,-0.9688829287200864,0.4823198914954064,0.0890927573683691,-0.164207199985871,0.5720466819719454,1.693957368012352,1.6383675103114186,0.8236640648707653,-0.3933024646400245,1
7,43,0.5820984052128879,0.5766942172325557,-1.1211698157201273,-0.3998466440257348,-0.4678597741936197,0.9328122369264712,0.732365306804307,0.5722954753701536,-0.5612218268293419,1.3657102608873568,0.1812071728052848,0.4955705230414336,1.7306270394450654,0.662367553637271,-0.1197728184011313,-0.4980527198284851,-1.7338837675946863,-1.5663976863643303,0.8557941120866089,-1.975878599877972,1.0112921047079566,0.8033935605370711,-0.864981189906715,0.1815780893271343,0.5761949985211665,0.0919614422585194,1.231223522980595,-1.3920958816257822,0.5041659107385048,-0.6089150579477841,0.5278676539485919,0.4962059786089952,-1.144347214882645,-0.2134185695973493,-0.3801499249731712,0.1207230262416622,0.3165163830860373,1.4491241278635034,0.8625776570045647,-0.0839740486092283,1.0430626394676596,1.0031623456125711,-0.6409264399492345,0.2586041132567406,0.7873692573893305,0
4,32,0.983168091569685,-1.16163595893045,1.0382834953855895,1.6254538417722724,-1.0076164965503476,0.9206859718886632,1.6353793334426037,0.7158636017706195,-0.1759627125698452,0.7788258944398807,-0.8125190178938152,-0.3125441558590354,-0.7326458912726003,-1.3472004948540728,0.0415111526415447,0.3040457854545152,0.6623495014421318,-4.478522288805477,0.1826963189647998,0.0788547077737566,-1.0907342932608328,-0.4444265199335841,0.7542896703992832,0.0973989460607058,-0.0177533185284664,0.8929229762916555,2.3148389421243505,-0.2425731502991529,0.246771571458488,-0.8915885335239647,0.9478468141903,-1.327448371346431,1.1059899291907225,1.3172610644558165,-1.1161992483406726,-0.7036531314756201,-0.2170997780456125,-0.860910828564133,-1.0863112027387742,0.057660019659907,-0.7627858962007427,-0.4889331864262413,0.8082581721977988,0.0679593160205311,-0.0166861104310756,1
4,34,-1.0103338502364383,0.6811620645961635,0.0281990757202354,0.7454953375768243,-2.339231900406873,-1.4203351327654734,-0.4625983328395942,1.866273076268168,-0.7542681612914635,-0.1267833066386698,2.15073068849605,0.4286371027612596,0.8596300943629369,-0.642324717499428,1.1789867406346335,1.3313949355150587,0.5015982477225653,-0.0859769416244227,0.5594272545655826,-1.6256858545986492,1.0886339009915549,-0.8491217032005768,-0.2785981935135685,1.3175548705658742,1.0975622504266709,-1.6211277178462484,-0.9473285223137352,0.6401133507918124,-1.7394074657461145,1.4193462322275132,-1.3148905982336778,0.6982993929004194,0.0209142057486354,0.5268678752567252,-2.0979618055999456,2.92476975981966,0.240657408084558,0.6176665738310407,-0.8948558484783051,0.7330168130089355,1.2297488523343083,-0.6058579881518986,-0.3080925059833571,1.1635381962426363,0.6603778484765342,0
4,8,1.145188056981565,1.1627853918188706,0.0037324092913725,2.2754087236928893,2.252344795981425,0.3233486563033481,1.0654061017940906,1.308805224450165,-1.1349234521737372,0.2867162645560188,-0.6818358775564558,-0.8229015570243284,0.1216068145694639,0.1967412604526029,-1.6120096035916005,0.3437152742537163,-0.2509477943413519,1.3979189145917652,1.1627105936059663,-0.8560084859461911,1.3127283711385471,0.5359553424434758,-0.2182809861481987,-0.5121789855063287,-1.1476463988654355,-1.2179978405563514,-1.827128939574133,0.0208817295214656,-2.060054950306531,-0.8665159110088873,1.414646281029615,1.2831346050714487,0.004305817211982,1.6168687915113131,1.8593155061454167,-0.3553493003246817,-0.5006324938857696,0.0930358081250562,0.111250045269179,-1.7774540186030388,1.9666379068302864,0.3220101237996655,-0.2883994337502415,-0.3169446777390965,-1.3426476106539196,3
6,29,-0.0402598249541156,-0.1671259636597058,-1.3194621420146233,0.1986021598400524,1.795073656627562,-1.3315423718081452,-0.1571013982151372,0.075492811025541,-0.4439341016955808,0.1644035441148417,-0.4470299283059119,0.1535929905113246,-0.2548925088872639,-0.5378255895391081,-0.0770766009773724,0.4812612129458005,-1.5574639956906169,0.69390177422633,-0.7257477330874575,0.6184230507167665,-0.6697838773656237,0.7133302082462273,-0.0489511481600492,-0.9294160734593448,-0.438779886794778,1.193667197192373,0.0518283646455648,-0.4580348903522705,1.1405368626974044,0.855166573781354,-0.0363113407822405,-0.0997774812369299,-1.430727679860139,0.1647500016990508,2.597269603535767,-0.4482423217781251,0.1493332497004786,-0.2062614479081154,-0.4511208467553549,-0.0780596963804523,-0.5402910743404244,0.9931731331087588,-0.0459660059352803,-0.7361180554164723,-0.2875740708670679,2
4,27,-0.0609395117859969,1.176637548616744,1.4625303826914446,-0.2395494568848382,0.7992027192421421,0.3638913621500538,0.0074371388099146,0.2042549426570258,-0.6880088148448377,-0.3060993933310847,-0.5806352797527063,0.9013767164289196,-0.0952011155410625,-1.2977140246150385,-0.7234372231630879,-3.1992646452121782,-0.4944926018821485,0.0376450650971495,-0.1361358488669737,1.9801543515313924,0.5749060409150368,0.5304518530891508,-1.6432690345702778,-0.3646420541171327,-0.4866628073236956,-0.7860811988080079,-0.7998806655133466,-1.808122953941624,-1.2758532046813285,0.8740934027649491,-0.0335762549712098,1.0275324047803585,1.982649501308989,-0.2391545622047264,1.1706591622918543,-0.5827380684695452,0.6993771278780985,-0.0660042659579775,-1.550151192224864,-0.7497567995210193,0.6346956534432101,0.6657843312641261,-2.01448920219893,-0.1981331099052064,-0.6339133001718534,3
3,38,-0.0292822561480185,0.0462958728602262,0.8066809042333004,-0.1068641648078561,-0.3309217502479668,1.3742163093412731,0.7237020339030581,0.6597418430381006,-0.8642716719010296,0.9437177392107828,0.0822903398371226,-0.989654214759941,0.6969274644194488,-1.1990611827835864,-2.4076548433467515,-1.8050966502568508,-0.2484662097407287,1.5410950893770377,0.3128046999883243,-0.1024831358191448,1.3191368654420343,0.510251952876084,1.0240082550725775,0.9723015152694592,-0.3137291781540289,-0.231652488137432,-0.8334585902880411,0.8307508111328856,-1.2276205721786706,-0.8859732986983866,-0.0415789609152087,0.0339132521980759,0.7804918657158448,-0.1557467825840674,-0.4564071096253394,0.0665941548853723,-0.8179396038628457,0.7619712882661417,-1.7001043068502746,-1.2279034776350175,1.1781472431274012,0.688725577860591,0.9323287738638096,1.186261203888238,-0.3739416200551014,0
10,17,2.1308123916173325,-1.6227525153641111,0.838392971982411,0.5603238843283771,-0.0326183857281371,2.0733306008720414,-1.913279009158756,1.1124450576758635,0.9728631577547874,1.1974236620224086,1.070722281959013,0.2353612960521593,-0.3050746928651837,-0.6103740434844209,0.5877180621546703,-0.006240542772288,-0.2107539902743541,-0.5537014149624461,-0.4076309562290732,0.777024975577672,0.0186154635084975,1.2092172185351224,-1.353075944633581,0.6205410697207789,-1.008104707741997,1.209201502311439,1.235890309899062,-1.4102517977062508,-0.7655756545525233,-0.7228096371934584,1.8520231684183064,-2.073980962360245,0.6075683368563571,0.7213152409623776,-0.0389987141091561,1.2624671002289587,0.229419758699384,-0.3800888481065732,-0.313438985893984,0.4734699366267189,0.0219501904293145,1.79846323607008,-0.6799400667545282,0.626729269732335,-1.4353762071667775,0
4,6,-0.1650743398706936,0.0098429723619762,-0.6659576412688019,1.0089966784253377,-0.5782330178635021,-0.5601641097343777,0.7601935552997002,2.170476327601657,-0.4969247401719014,-1.246525080216598,1.1398445179043026,0.1950423346790934,0.5023502239105645,0.034328107976449,0.5935947466572257,0.3638871311357155,-0.523461042504468,0.7038776469067247,0.500100580779825,-0.3711996272628764,-0.1730186219974079,-0.7858849345832505,0.4618882678394233,0.4728271549294008,-0.0387445129167049,-1.1387272000017743,-2.022528114343212,-0.2313924924591862,0.2366152711830788,0.6446771764450598,-0.2443409727709185,0.0055786641488697,-0.5955993316201093,1.3471493653986026,-0.5335273190479519,0.8684224924370791,0.2921358803435682,0.6897895957991266,0.0359234608395974,0.6302250251134416,-0.0876967309824022,-1.163891329315473,0.6033624096204704,0.2537802160405663,-0.0262040838660679,3
6,46,-0.0912791141563885,1.714699376148583,0.2099909652569986,-0.3805053162493534,1.326249698507617,-1.9476751311081515,-1.0045613280149357,-0.8049516192992897,1.0016260093767615,-0.5607808194820103,-1.7730280766388355,-0.6921828979965163,-0.4709555677082452,-0.0674943593698919,0.1282328417473309,0.9676736557067568,-0.312032862747357,-0.58275634816435,0.0466966309993637,0.2426489228818977,-0.6013298774177518,-1.7030154111321496,-0.4898990033891621,0.807435790029284,-0.078814916769894,1.24385100961046,0.5025547429584104,-0.5279209398222526,1.4690387156299618,-0.8690545317277285,-0.1220611396125833,2.508580592247131,0.1230157591593624,-0.1934437590495917,1.3904733156520004,-1.3550206827218452,-0.6707956852783193,-0.269696797112663,-0.0676016110571191,0.0801270160889175,-0.8049328125507386,-2.144925435007442,-0.2812380738406771,1.0790171044256631,-0.0650190349190639,0
1,26,-0.3283853086351362,1.1554628261860571,0.0310617474596725,-0.017384146528721,0.8705130635554745,-0.5220601020484592,0.8751603667989681,0.3977995626997834,1.237500702537926,-0.3790559956788136,-0.2944482824530287,0.1421549712629643,-0.0608029818409991,0.7676713698411167,-0.2164538306922319,-1.0603398250581455,1.3545328652753694,1.915224504684222,-1.56753492869704,0.4801822967083555,0.7471381877884804,0.2433565480577147,1.5738820193963414,-1.341895479708069,-0.5637060877597598,0.1068124005398281,0.919871675484911,1.2073136416157249,-1.2058847366391576,-1.7763404344454723,-0.4655718626959378,0.5929068291579761,0.0330280610881398,-0.0247439183730532,1.2308943708842854,-0.3193750267109587,0.1252712251710559,-0.0364151202360976,0.5172448427179333,-0.2553448166993905,0.3859970531273918,0.3366802741622844,1.7122805008440918,-0.7315298418710284,-0.4170113982883555,3
7,18,-0.8493378480651751,1.0299214770121663,-1.0286139207653675,-1.8325822656977984,0.4313851184005227,-0.1391717960191004,1.040349620673238,0.8123433957204345,-0.0424831588688316,-1.4431782691335713,-1.1981023187944242,-1.7731909121797624,-0.1382614939505326,-0.6587027058043938,-0.1807194156058703,0.1735641755056357,1.8983007103623,0.5808673594217597,0.0713371150283861,-1.5647967808746726,0.0262115463015954,0.8818414917946646,0.3908393081894067,-1.047861005649387,-0.3764495462407827,0.0733729313346687,-0.4081128456889421,-0.6171059308711718,-2.147201793056458,-0.768181231336283,-1.18113158617765,1.1453853655349029,-1.4155212353533595,-1.882134053018231,0.2544613428392929,-1.1541169263920614,-2.3442160976667474,-0.095967823805217,-0.3894344451245635,-0.1498949611956983,0.0232993866452117,0.7109914721326828,0.2482770691871967,-0.7867758104896404,-0.4450696747409259,2
2,36,0.7897063276237537,-0.4309423225365196,-0.5103961092279251,-0.9786539358047264,0.540999415491878,0.5344766180898674,-0.4551528840485482,1.7976470963228826,0.0342986741726093,-0.013958586106317,0.0593058328427139,-0.6803187971877874,-0.9938449515729642,-0.3735306844092456,0.6339836154587567,-1.851311499740713,-1.499529405535055,-0.6075540707213277,-1.7940832391116053,-1.4167103089447146,0.8094623029829636,-0.4382623441463979,-0.8458976668031122,0.1399573467046185,0.1149908977245081,1.164603291963073,-1.7795431191746112,-0.92643767227645,-0.597011827619518,0.3911364947764302,0.7986053853993801,-0.4548920273459685,-0.3408878229855727,-0.9074289985839696,0.6198479787627081,0.0464963999189667,-0.5657592039213226,-0.6181998616656776,-0.3411234029053401,0.6871477600006758,0.4990541840222859,-0.4885680063207819,-0.7594411856310694,0.1648952622590034,0.0936988353138029,3
8,10,1.5532781480441586,0.919723853374733,-0.5561928767831795,0.392983100159833,0.957326732764849,0.1528322807575986,-0.3885471992621414,-0.0980867981678064,0.1100249248892409,0.0563424839683047,0.4345193482086625,-1.0212459881035725,-0.6482029817697238,-0.390165807029834,0.4710029757080237,-1.5280602047457243,0.1539009774287951,0.7807845711569611,0.0484015957002747,0.0752131699300302,-0.302502388701238,0.0622395548954628,-0.4411068876548648,-0.1663835016854137,-0.4416552446040044,-0.1793776721307715,-0.3175866571030955,-1.181193890888229,-1.5056029163585969,0.0792287700435458,1.914535508974972,1.002834351607019,-0.6628487180418764,0.4844560791267376,1.1745636390965135,0.6240714186232411,-0.7528833083587297,-0.4992171817764757,-0.2318369392350484,0.51461142556804,-0.2707957543911846,0.0620029749201198,-0.2954628584967289,-0.1911846681375856,-0.4942207694398334,2
4,31,0.0058837778503734,0.1290027580137837,-2.1005143162338,0.6528803714722882,-0.2899988843469592,1.932963175468534,-1.1916485388987084,-0.8673145087543316,-0.2029089785832611,0.4132254496860355,-1.9507673273715016,-0.8291000521161067,0.5913201605738434,-0.9481239464325424,1.3700263763762277,-0.4538835988490723,-0.8993732013418966,0.6102442577895195,1.6076173868244463,0.4163962587438965,1.2604293992232585,1.6766353406369636,-0.9218586799275784,0.9383913340595864,-1.5234705093035474,0.4249025317863849,-0.0713178905148192,1.2429502030420625,1.172251512984841,0.5697833505344024,0.008209724992077,0.1589394085661911,-1.3627476822105655,0.884347596626407,-0.3243863476561436,-2.1642783400084444,-1.1784335322089967,0.442799195739111,-0.7012207315792085,1.3881018943064876,1.5766245834631027,1.588177247505905,-1.0452876198674568,0.8938409466880969,-1.6916421233806125,3
2,35,0.5608432859764206,-0.9172066963350256,-0.2652287522247021,1.4413991103217594,-0.6145293391735335,1.0611317569487992,-1.3770401894370583,-1.1981584124750106,1.901384665586316,-0.0118371462403241,-0.5384998869943409,1.3627408269989625,1.245821554963504,0.9207545652572384,-0.5698979194121059,-0.2869175759376756,0.31162882372473,0.6943993421472372,-0.5084835740185372,0.1707371106206965,0.2673913007974061,1.2867697563752534,0.7544658289351189,-1.5068016448352908,-0.2136303084853857,-0.9287833699834164,0.5680874206116735,0.9231533505050442,0.1015559856102445,-0.26812703062785,0.8238498990450398,-1.0596133657987108,-0.1921243960512832,1.2327321315384916,-0.9074450901590292,-0.3899021420574005,1.4465890068976532,1.1218047641047009,1.1678071007530046,-0.7792723011277719,0.2248325725474712,1.4931629462161844,0.7914706407001901,-1.172961438028496,-0.1649099518373978,0
2,40,-0.2705794289595147,-0.6952984573125116,-0.0656729243963501,-1.0321420999568447,1.545954432072925,-0.6992319757377646,-0.5711446737074408,-2.3869000412569576,-1.6455140326145554,-0.5880412461492505,-0.3054953142666428,0.7193810383730597,-1.4956041779407176,0.4521707472913795,0.6241865858040871,0.676946124385601,1.0356597806266927,-1.1619200955385505,0.5412311540108008,1.7651609012393776,1.4002698155131248,1.8919557118026369,0.2410031643257942,-0.5918526868981545,-2.530405088595326,-1.2427378832094915,-0.5254009747377487,-0.3451151409295554,-0.7917531571705695,0.3395709268027178,-0.2981373025385742,-1.0321576851350585,-0.0520022858124122,-1.3914055975865116,2.3151771128232137,-0.3325481734299826,0.5822678040862173,-1.755138255249212,0.6081010184219527,0.4190478160331816,1.3337790729076149,1.5498668672073237,0.1887919970710137,-0.8054057195572053,-2.332157988786252,3
5,23,-0.6932333367169472,-0.7201610195718389,-2.5315831285012456,0.5661209469499078,-0.2461598243185216,-0.1131425366309759,1.3458710583756384,0.0883090132843571,-0.4307304649660178,0.5720776210049433,1.058871846575562,0.2964675660492255,0.6891895986981486,-0.1455676497428844,-0.0818577463596627,0.1130207102988284,-0.7531209504326618,-0.5680616143696008,1.3778796418184736,2.0079560958623213,1.59219791403818,-1.3232573567685475,-1.4198575345849729,-1.190709431945161,0.1343874418794808,-2.808724592357664,-0.5888015666195007,1.4070992891611132,0.9824388307289076,-0.5090946505735073,-0.9357240498866604,-0.5277094839530428,-2.062409441641306,0.7501761347184445,-0.1426270316250408,0.8744659053408232,0.2811550479969266,0.4735226107569703,-0.0989735116274407,-0.0757071237625471,1.9974468732384167,-1.773473149970228,-2.100303091559985,-0.6834482222302937,0.0963130876525654,0
3,29,0.1064728837852234,-0.1613818955642086,0.7702992620345553,-0.8701596157594107,-1.3421651882152448,0.2851490332382653,0.1621260931494962,-0.736476243069468,0.3556106029960117,1.8498621973867424,0.4476436401971237,-1.9822048854104144,1.4171072061520298,1.989357420612601,0.529133325259333,0.1713198201578354,-1.547472950405885,-0.8655519364746019,-0.3069371295695631,-0.7344410931703765,-0.509407310840888,0.1235051071441805,-0.6845423311979185,1.51945807983919,0.0744389700433453,0.5045377097658044,0.5093004191681524,0.3826470676976861,0.0474531160806478,0.999470201598114,0.0954787662090964,-0.1711479193101775,0.6948641646691197,-0.6445402530587492,-1.1058365099034222,0.3280197658733694,-1.5251830303837486,0.8412058020643399,1.8430654883930395,0.3890632185106366,-0.4831048551467141,0.159593081363464,-0.6491599489928686,2.210221759979876,0.0482243111847452,3
3,49,0.7429923433085787,-0.8208840923000508,0.1710488520759426,-0.5769759436389282,0.6702018609200677,-1.1079640748815502,0.6505518153968043,0.2085553020880557,-1.264707044079623,1.746119881447655,0.5578395020187228,-1.0856709317139972,0.1567462265673906,-1.639327917338103,-1.7144424755382626,1.1962484362498762,-1.200092888427668,0.7873383004385003,1.1672561626565263,-0.9840270467258534,2.0799762567951534,0.0927209833242762,0.0483578036557695,-0.9982162518546936,-0.9801387150125463,-2.193953021339873,-0.7768539395014304,1.1662624907249484,-1.0182205715205224,-0.9312424073266212,0.6306381951861708,-0.7035937594593858,0.1318353904773468,-0.673615460628584,0.3670842927427381,0.464286362164022,-0.8470465481021999,0.1961550525796254,-1.0598231117296897,-2.469975230373324,1.394662792793163,0.0806697927150005,0.033835964572233,-0.7852946724745058,-1.235979129711937,3
6,14,-0.2035242158715304,1.17473985703351,0.9450089010404218,-0.042604201619999,0.9615401838992422,0.2306718826471916,-1.4288499197250164,-0.0388816356068295,0.2059541018421014,1.7629683942031154,-0.93165914279927,0.4578250557951102,-1.2307934007896677,1.5429159370851064,1.223709993212651,-1.198923341959756,1.7411491232969425,1.0770895342590667,1.2652056916478571,1.5698933830756918,1.1261689091393845,-0.3362843674989955,1.5023190685744765,-0.8932529035903695,-0.7753788815300137,-0.4553441664136742,0.3335847311973293,-0.9178534260155604,-1.1977649823329932,-0.916065383234988,-0.2222605186924644,0.6175252122076441,0.7051898833102095,-0.035810846014792,1.161899764531433,-0.973584966156748,0.620805564293451,-1.0271049244955492,1.2288414999296149,0.6524789972160921,1.6348788888386658,-0.3367861530056769,1.5061107937464495,-1.271488469905439,-0.6124859182744636,1
1,9,1.1331854140725075,-0.8275086725243231,0.4038173938478745,0.228829359178969,0.3157395635707938,-2.419756416236269,0.7804667886468013,-0.0594949664804717,0.6162829123272068,0.5007933512270392,0.3159310078293241,-0.3971798774345276,-0.3861420237385334,-0.0542937175219045,0.1714731904476285,-0.4240004902682071,0.9429364077572584,-0.3278430410499731,-0.9798512387665808,0.5952355459830837,1.8811635073371176,-1.1675520952169836,-0.125315891445358,1.063900273329526,0.5698383756449638,0.6212403921323417,0.0304848046742911,-2.6580023855695467,0.2578523829182443,0.3734826502971333,0.8492271458794131,-1.2256892568330482,0.2743496415881284,0.3235845473672982,0.2603188899066422,0.3990672131784506,-0.3798535380874699,-0.4774520192766411,-0.0356048995604735,0.1319497274895854,1.128430648987409,-1.593876715800562,-0.0997881656140223,1.2708035869620096,0.7523127028130809,0
4,47,0.6319264122951593,-0.8075658147271331,-0.0441580947912679,-1.5246540564912776,0.7853767093802351,-0.1500402724098285,0.5574302874712542,-0.1789189957868936,0.5277479093914943,-0.0461095269478235,0.7406390488585125,0.5337861409200408,0.1962423789384957,-0.9001463811938956,-0.4373908888517595,-0.7722125753385581,1.4286946164732075,0.780358849196099,0.0377482591988032,-0.562149729099303,-0.78977125441499,0.1224751610484041,1.8432095870626992,0.0059304980978455,1.2019202529988124,0.2756634567345182,0.5625741703648524,-0.4759173066601798,-0.1970675026104637,-0.830805904848733,0.4420229147631986,-1.1112273845104874,-0.0532069634641309,-0.8009949646735709,0.4001677763844641,0.5860300952493109,0.3433756110908486,0.2218136396012463,-1.0475875984789376,-0.6306961874330432,-1.146779392669216,0.1419360606337195,0.9320652159491252,0.0050942855102693,1.2177153039257538,1
5,6,2.199830133702082,0.0277201821832765,-0.4279879314460389,0.4371772747804526,0.6486766089159207,-0.0340458287713069,-0.89396418540324,0.1859967761256674,0.5444903328246862,0.3473881742160717,-1.8376393024309292,-1.5900894995097332,0.7167842812743763,-0.3723108338479069,2.2245725827523306,1.3411607325540709,-1.268129950678421,1.0265152839298433,1.6005768702055614,-0.4452736326787999,-0.0861776207872543,-0.5480370485127964,-1.122656438922124,1.5769779470686338,-2.5899738275425173,-0.6745811733241474,-0.4224593359786514,0.1571879556034932,-1.2396962533175342,1.3549343874183584,3.137044793920911,0.0373914025208346,-0.3849778186087088,0.6526583876911007,0.3580330017853821,-2.3680412139687794,-1.484883651114578,0.6689784572728903,-0.2494980731771574,2.257674044756171,-0.0503896488914253,-0.6119256616161112,-0.832551283467713,1.93157412646788,-2.868037349912269,0
7,44,0.35741462029241,-0.8410618540027395,-1.7281573196025548,-0.7437129977866034,-0.5690853304803436,-1.8861613427703796,1.0715439701706324,1.5539154154555064,0.0295568607530272,0.729487155906694,-1.4791891985809522,-0.1415782866854496,-0.5789045384003241,0.4115573988265126,-2.698015199872072,-0.3040704945098076,0.6284007960474711,0.2381975189509884,0.7829069949032201,-0.598375581770551,-2.8233179523676903,1.0988844279922962,0.7591461765311076,1.5687572352524275,0.0742564186863261,0.4162391740148056,2.3292477031701004,-1.8510105009183744,0.4447039622279917,1.2177396036443755,0.4099717580401173,-1.2375711124952906,-1.9327633426202997,-0.6546795809462053,-0.6779661657924121,-1.7150598162020234,-0.0727496678523629,-0.5599913200369128,0.511526173794381,-2.6954290382339576,-3.612777325315521,1.0449112868360593,1.1260579194123217,1.243854417334396,0.0439689043041342,1
8,7,1.205465221990526,2.635802651990737,0.4002606230830512,0.992678189777898,0.0124322476105618,-0.802834842994055,0.7082734416359314,0.993794000909798,0.3417849719227368,-1.660245232720733,-1.4489565213176492,0.7672949987995796,-0.3657371182414172,0.3560932929211884,0.4826912180146396,-0.114416939727517,-0.2560842504440512,-0.1302669611169299,0.5914902424090352,0.4799979503334743,-0.7989745972771776,-0.0148360245296511,-1.0607068859986195,0.5143557509136125,-0.4655422163275838,0.7197721286492714,-0.2404291860269804,1.144006025630968,1.3330597828806212,0.444201340183429,0.6514807120148112,3.4823328628350456,0.2556256631278286,0.8521331789150212,0.0120938546371981,-2.021912448426668,0.4008660809539991,-0.3873897095922589,0.4068445992837668,0.3941571093882387,-0.631578849759912,-0.0146946247315241,-0.7288121446015873,0.4979575390106415,-0.5889226928081219,2
7,30,1.5082546386334983,-1.4765843505483682,1.4372081392200189,0.5193347475018875,-1.366913170924655,1.82701751143255,-0.1244591701079435,-1.1912347251210802,1.0395830752446025,-1.0889064336302474,1.1562210984910448,-0.1919564670933441,-0.3492230507132167,-1.3016411405373445,-1.043590671625835,0.1604652725416201,-1.639200665164182,0.6892253044205836,-0.5248138590126628,-0.3963889788214923,0.583164870963474,-0.2040726714347635,1.2305762624124092,-2.050355240417149,0.8004522695804093,0.0240889412566601,-0.6578814647094521,0.9489911265627514,0.5868237701241104,0.2283392572843265,2.135294944339731,-2.054479643626091,1.9909293583031584,0.3207651535730336,-0.8796300973424643,0.7142895988971962,-0.1134518558355011,-0.297986890382235,-1.541088980770313,-0.8919492381100588,0.711636286391055,-0.2694337043731106,1.4351161760996372,-1.978807533085644,0.6367737400113775,3
5,6,0.4997917304969599,1.4337500342142355,0.5096631077101231,0.4784096833437766,-0.4716425786351585,0.2201098237936636,1.2363181797064051,0.3282089684287639,-1.2482747560297265,-0.4560416742859714,1.2092795388889936,0.3247433203510952,0.1190620782430763,-0.5540155332467,1.188599180534435,1.662412597822257,1.263189123018033,1.442591621445373,-0.3587062407661666,-0.5001690973739038,-0.1563451734991859,0.0385732419762537,1.4310197801252555,1.1658867394684167,0.5384693872544943,-1.431186765846887,-1.688021844596875,0.2404627448017032,0.8802632056007167,-0.0795670489861375,0.4631084071293395,1.6199141272577404,0.2728485631667662,0.2764251692504235,-0.2741696386742129,1.5457504012273031,0.2761152471698851,0.0866309597707873,-0.6910371859224912,0.7963139813450677,-0.1167105033479584,0.0359090438245576,1.189804322709059,1.265444385969929,0.4511515247701594,0
4,12,0.2071212770708735,0.186047712151212,1.9164543210163527,0.91382665614555,1.4416461833422003,0.2886096512984931,-0.9769318210905636,0.1281076019934963,0.5924210073873067,0.7038073822515748,-0.4724121441083422,0.4887864737823991,-0.9330279708412644,-1.043277594110717,-1.1157847113854849,0.024625988556797,-1.1778363550763036,-0.4247443898710077,0.902916551413958,-1.029129678078305,-0.5043120335043169,0.0716312767761695,0.2468869015322666,-0.499290590805561,0.786860068735157,0.5904523007847245,1.1398566043617029,-0.0816019243470599,-0.5128188094563434,-0.682632022012122,0.1314188951155322,0.2414038387622091,1.3964725792491386,0.5990236470356273,1.619128236232156,-0.2726205573994331,0.2663398850654999,-0.5660845365024842,-0.5218901059219505,-1.3355833137596296,-0.535698055153941,0.0508492604119947,0.1809693204140089,-0.6545542860576443,0.788292245226099,0
2,20,-1.5613429830998886,-0.2812429063366705,0.0626561449357966,0.4489675555702139,-0.2574305241108466,-1.0115702757043907,-1.0949806181122828,-0.6535992851816712,-0.5577753625187629,-1.1349741648992573,-0.7328131611036991,0.6594585244393549,1.6484126076944867,0.7554617138709632,1.3058610861868123,0.974118468233698,0.8331303283983444,-0.3377962630573283,0.1409108783869471,-0.4206193424560216,-0.219107162333627,0.068167100386586,0.7135661515790268,0.4233233815151238,-0.1618292630143563,0.0555387408916662,0.4334636741935265,0.667394438057835,-1.5189951632572023,-1.077388963898937,-1.5298353649401666,-0.3844876696917179,0.0471211397510603,0.2698132533191215,-0.3512990567120878,-0.3856721278150706,0.9304940142773944,1.3282005368756729,0.7616736501810315,0.8256901207440049,-0.3072441072083525,0.0851977113062363,1.0162292211856665,0.5008885230262717,-0.1108034892807268,3
4,28,1.297180724523241,0.6539472690549776,-1.591086486638205,-1.5951804419624185,0.7341802319800231,-1.5869870002647386,0.5553549280524989,0.2774966961794649,-0.4634608864937701,-2.546382196169879,0.201781776326979,0.5118567882706724,-0.556106760777003,-1.091935460568134,0.2933352573032878,-1.4522663526458142,0.6168604350800884,1.05584291055012,-1.9601389443983064,-0.5281367768994614,-0.0487686201955008,-0.0193999165593924,-0.8789930099194931,-1.3362620654092197,-0.4601398884537537,0.6441181173247346,0.5704780394151027,0.5827018443395604,1.250989827457294,-1.0473406071599172,1.0245883626062904,0.3729305870657136,-1.598720255367737,-1.4968009437747458,0.4685192548205655,0.1998756118844758,0.7418728142205457,-0.6847860543263465,-1.352768606345769,0.3688839860474178,-0.0606990734291598,-0.0100860444658801,-1.252293373770628,-1.7774126363877574,-0.3564148821347965,0
1,23,-0.3090602585769696,0.0818966752007911,2.030953617349149,-1.2949739740960864,0.0596618936969781,-1.814308121389617,-0.426762828838568,0.3113953574120187,0.512583152688558,0.5890230796419218,0.3974040328868454,0.580421940096241,0.0457391290026633,-1.0478663059889717,-1.851656963680056,-0.5466878217372169,-0.1346154330632297,1.2539317971754804,-0.1006016751561869,-0.1965690342166925,0.3855271268417796,-0.2700119874512021,0.8105419989469383,1.979333618383878,2.1907855142107007,0.0970406272444892,0.3368923646954481,1.5788561203734834,-0.1499620228962709,0.6791921419241791,-0.4201959759981973,0.1154066898451863,2.8517441715495773,-1.723411299888871,0.0540894228076098,0.2618524906384602,0.4840465663050354,0.0579646753547261,-0.7679660334701798,-1.8114242812086792,0.4107404151072475,-0.2980550443088775,1.1637158559221406,2.2989821828242905,2.818004813208528,0
6,14,-0.9578171687087134,0.0076341392178794,-0.764332368880566,-1.2373215261798731,-1.31010521658561,0.7039595526970841,-0.7740413503658045,-0.9632938553577924,-0.2060585780625282,2.587128619333725,0.4872211990366058,0.8409555523836869,-0.9273959009205326,0.4479801592964459,0.0153618016045409,-0.6833278195171673,-0.1976140683694925,-0.6225057793646933,0.1518514179829483,-0.1965752142123386,-0.6200901412632721,-0.2265579175565262,0.8863938975951133,-1.1371319509454654,-0.5301876924740055,0.3425962950774077,-0.5882684028110648,1.2659979063757936,1.1567468292788587,1.2098595309795737,-1.2390253175647847,0.0091394600141272,-0.4118745275702698,-1.2614259240374084,-0.8727674305554434,0.7161978844984782,0.6356232518442694,-0.8533037859739262,0.3121087409336411,0.009748432374109,-0.6826755915592724,-0.2250127129784011,0.7752930507811002,-0.6656986747797505,-0.655290443545266,1
7,13,2.154581568819688,-0.6880908084158425,-1.0294000396570753,-0.1908185737524471,-0.6911568698666488,1.0923471411107692,0.150505516877223,-1.0936121265165095,0.3192814978052932,0.1939018037148064,-1.3732127114027275,0.446056944175867,0.4993696119380206,-1.3461170295170128,-1.21170519285927,-0.3500614390299468,-0.6220717244065977,0.596421747713349,-0.4327405286553978,-0.1759881905656146,-1.058495809595524,0.94851180221939,-0.7595179511218539,-1.0317868641905037,0.0517078481917569,1.0736414873768128,0.4529746550455394,-0.5645913928917426,-0.4051035942893205,-1.3494223078149694,2.301256474253432,-0.7461952018771986,-0.5857616832987346,-0.2550871264926396,-0.6769402982897659,-2.0450717234451306,0.5430486401992123,0.7453435545230169,-1.2834892686434023,-0.7764381586412001,-1.2991018326631742,1.2119707083424176,-1.0275026708674977,-0.8269245769388699,0.0522602940204754,0
7,31,0.9818667388866518,1.6503282472003318,1.9152827724679944,-0.6004182221049046,0.4433770443175563,0.7033826186034501,-0.018912381534962,1.2436353414026524,0.0558616810032474,-0.1528322514069869,-1.3144636599647854,-1.690054552077683,-0.3501599188197404,-2.900785082299867,1.2444997498059318,0.8886628197703732,0.6898322710184597,1.112866277661617,-0.2754853216997949,0.2212622743475084,-0.371185852658372,1.1091282838962613,-2.551661017355576,1.1088441105151678,-1.8209685057697316,-0.2060760076636772,-1.049582098232387,-0.1361238301807507,-0.5527936381030649,-0.3847567197594384,0.5980758772334509,2.2815146829501383,2.248591682227852,-0.8548509146539935,0.5072287293806567,-1.7665747818649522,-1.783512184596312,-0.3370744603978794,-2.9833919023131923,1.0207704226607932,-0.4298229693058842,1.549646200992929,-3.2721312998744643,1.066708046221567,-2.647540865228452,2
1,9,1.1232205089718583,-0.0212525779479826,-0.4490612500230784,-0.8173789823885469,-0.7375759525600467,-0.0599082488628483,-1.6557820974458013,-0.006688930850949,0.8032321026246783,-0.5630033883796927,-0.0228134531777546,0.3074058334792675,0.4844381911976426,-0.2001192421910626,1.7606679093652005,0.0034276234497454,-1.3294001321582305,-0.3855218218123307,1.2981428246814168,1.2197268006472364,-1.7197711179604689,-0.2976507543757455,-0.5275544279771364,0.779100123325759,-1.1380724193376075,1.5599860884134482,-1.4698824377489978,-0.1401612655487335,-1.2047645803485605,0.6568384839578181,1.107174233131314,-0.0176068978295823,-0.657248619905206,-1.2115363710363043,-0.9245450450355958,-0.0338532822885202,0.188609046734053,0.7229390560699231,-0.1207831526040657,1.6118065604882237,-1.2708206888386966,-0.4327383477536877,-0.5991910093551501,0.8547721969059293,-1.7041934620664096,2
4,49,0.4427595803888087,-0.7024374010425293,-0.0190193095888733,-0.590158405786928,0.2825584404858396,1.389727882485203,-0.0569367113480612,-1.3710951862360874,0.1962762574297888,0.7054357467408582,-0.9180264422595716,1.2418411551582156,-0.5963393477491515,-0.760235216803198,-1.7806202871464176,0.26879942587475,1.8159915194793803,0.3667500419522634,-0.7341831634568583,0.5132173475716277,0.8003531535701365,1.160665232068416,-1.2349771637021163,1.5530597700421156,0.2134460759891983,1.75319455851198,0.1555882138648743,0.5767630368056954,-0.9486279287838232,0.9848406649977344,0.4821571441185836,-0.4520024831145836,-0.0172026449564343,-0.3146962600954012,0.2024893148357119,-0.5277446026355341,1.1024802747418572,-0.8009047140846915,-0.6674364256761534,-2.37114453321413,0.9256070715710538,1.1717257294536694,-0.910044413299528,2.208693414516533,0.1182919879573718,3
5,39,-1.548088389692493,-0.3514836361611699,1.0342266740047628,-0.1922783128114453,-0.9104176741697236,-1.5499991784960077,-0.9487015346631668,-1.688901668563729,0.0584604568340257,0.8963101857786598,-1.260974758908604,0.2577297412110527,0.8452710294458669,-0.0027083268483496,-1.6106942949172454,0.3862115546625031,-0.0546469447644703,-0.1565046486008555,-0.5468372457604648,0.0867874262740412,0.50981790844696,2.3906481343358488,0.1123320683872048,1.5111411600126732,0.3577550834268766,-0.0995283276477533,0.1485475277112924,-1.2217363696925094,0.3058602707520377,-1.9920650648213725,-1.6290154108981496,-0.2071814136851974,1.2008769410673965,-0.2181361879511121,-1.1557454436072867,-0.7448054516391923,0.2054772389717873,0.9721551706087752,-0.001724475190999,-1.8967507198217,0.2850018284764515,1.996027559381067,0.1512788458916659,1.925634018740633,0.4095439651798778,0
10,10,0.5594768854349338,1.4291177138469162,0.5155480027007411,-0.7265523153654709,0.1461873401676096,0.5621775260250088,-0.5932783511539199,0.2809088264360596,-0.7183248872838145,0.6342136310878319,1.4645643604979646,-0.0809260116842829,0.7454022696032162,1.0249838867982148,-0.4290137116911507,0.4233170663071546,1.1384861465428586,1.63682960114411,-0.2782925251577627,-1.12707793754615,0.5836341442633873,0.2288250976278471,0.0303475247160236,-0.5193433735857252,0.884150491882346,-0.5886420123018563,-0.6753052143250893,-0.1322912031492411,0.9288822014772844,-1.356399356251332,0.4446180580986844,1.0658263120318334,0.3379394798749115,-0.4614858863920583,0.1499673607767226,1.7303930774810592,-0.0771008985393664,0.464835165361867,1.17643171298071,-0.4535197893089612,0.5143424461941762,0.1899355576940496,0.0207319992490019,-0.3356513412961573,0.7416004062414894,3
2,48,0.6111337683260756,0.1405516976517954,1.4321285401575012,1.452351841547295,-0.9548168894277396,-0.3270152032628261,2.1543057473763203,-1.1584594930218473,0.7976252851784691,0.54799788193632,-0.848949721308355,-0.8006988115497597,1.844943862201444,1.8249526232768,0.4299156404231045,-1.3862043258416368,1.25685786970589,-1.3904352947766994,0.7151990253065201,-1.6192622741401008,0.0076185033865739,0.8849807829023898,-2.8253584110314343,-0.528379110451363,0.1533119506780632,-0.3441804465089908,-0.6710745754265349,-0.1334754693425547,1.037523823136868,1.3689549069789255,0.7455604819376296,0.1545835523867532,0.9474096842437396,0.815339137456306,-1.2576284441300143,-0.6076858501820845,-0.8347519238535519,1.8176700842665785,2.5933535614837773,0.4524603137944146,0.0082281122988791,0.7252462063302693,-4.121335344769077,-0.5877550872496852,0.0774195276625323,2
9,14,-0.3081485742259179,-0.0896575779107172,1.4682752584572885,-0.3673832894215471,2.258783753519518,0.0613768977224208,1.3999670297604738,1.143926105755259,-1.5634368812265051,-1.3518676674322074,-0.6782307732072272,-1.543683705311225,-0.4130621859998012,0.0281179555984876,0.6486094667889295,0.1805764145776788,0.0052397846072603,1.0237412900530596,0.8898831754183834,1.9078412464443928,0.1866238440874953,-2.410978198547683,0.4271986176576811,2.269031213666989,1.0259860938811929,1.255300069453826,0.0948298727397294,0.9131366489264914,1.3079285323581349,-0.334250314952914,-0.4005263813863522,-0.060055912628506,1.0818134610819494,-0.535879322512412,2.1325392868409425,-0.6915652626173686,-1.2506309830067643,-0.4052433413390419,0.0349606458742137,0.6371583298686334,0.1520582490774857,-1.4369454279073637,0.6101513472273167,3.112334414408005,1.324922474002489,0
5,48,1.624191327722064,-0.3112652143043535,-0.9876583295984416,-0.6822389947743331,-0.5049782350072989,-1.1188465181313738,1.2901600237659931,1.3276978629316667,-0.1957917011400552,-0.392759922084194,-1.815481913319312,0.6959612553036046,1.653440108825843,-0.6371947172595566,-0.1167845257763981,0.4342914613157309,1.7244183606099055,0.1997762218350945,0.1954299160265186,0.1793185011598031,-1.4250325069036731,-1.4467906538298647,-0.8079951691148726,1.0128905740373726,-0.3353570705459931,-0.5296040488022927,-0.5471746041437677,-0.1376568784726773,1.7021079341016403,-0.1511973856971215,1.6465160721855163,-0.1780111257249092,-0.92854661446774,-0.8247618645692014,-0.2818266632954453,-1.0163924471718115,0.6059048454269164,1.1490812924707448,-0.914234740647212,-0.1262841999640872,-1.12196428766432,-1.7430597116352258,-0.7069384468165959,0.6402639778930591,-0.2472360409124334,0
5,37,-0.1768288974329486,-0.779746897730078,0.455202183635917,-1.5239398393773305,-1.0658032505660275,1.121839172114631,-1.0974495764264176,1.2975446379648652,1.3829359273066784,1.402759339499246,0.8438831249590519,-1.379336038795565,-1.538210790333714,-1.1196679445690003,-0.9523772437092062,-1.3001062023696894,-0.6838868129928746,0.7695633694540893,0.6509431691816743,0.2956998783842722,-0.2147881526640583,-0.068282497855559,0.3010731948560048,-0.4732447616281216,0.9773373237420644,-1.3146701786491402,-0.7768422203008932,-0.925631506484764,0.4576011887722798,-1.200243318825246,-0.2055941616165907,-0.5056389544893356,0.564972362407588,-1.1430241826152685,-0.8344413481053257,1.121358933455003,-1.9326786432655283,-2.037754455939841,-0.7252792656305435,-1.4278683778956434,-0.2517650961762779,-0.0690109779830338,0.4380137506411344,-0.6234433712072188,1.1647349529389823,3
4,6,1.5518415845685862,-0.9636695780416982,1.255833568237457,0.3556109495235426,1.4571368114195673,-0.5221357652168388,1.3924933539360522,-1.742299067056425,-0.3758921227499375,0.2725986312366406,0.6568198794202251,-2.093286303987702,-1.2456962229503832,-1.0836107219968028,-0.9356604591685376,-0.7504854540077367,0.1647301930369983,1.4762518484950835,-0.3752772269376711,1.54580791606649,0.0848550884475553,-0.2141713208584153,1.0451968434918042,-0.1561228144469625,-0.7820415654264105,1.3260900214323366,-0.0382977299778006,1.7910901621148416,-0.3548910698756534,-1.3314162649239203,1.121302371243969,-0.4866305098899811,0.9378512010911092,0.2523135524134359,0.7348878750052331,0.8433077054601532,-1.207794668680236,-1.182239303762454,-0.9946280507258146,-0.6375666319192734,0.1244712568631628,-0.2363880840430056,1.3728796892769044,-0.1555202673802859,-0.9562897460843834,2
7,26,3.5886812846989797,1.052604736752287,-0.840604614038144,0.4073421500270347,0.1525657165293534,0.7209050233526656,1.8732200132773067,0.5877755849105063,-0.3707593431485329,1.864348918897747,-1.305873299510102,-0.2711593322584775,0.9014585589790484,-0.7905027158419169,-0.0517752427681864,-0.7013233417815292,-0.0383395152811864,-0.6995989746881506,0.0790447728953776,-0.3296225231859719,1.327241271807078,0.3854996157537309,0.7381297910592469,0.1443102063621783,-0.4344218558875808,0.3348006393482792,0.2027928066188886,-2.4214126383135604,0.033553059146863,0.6719616645662256,4.597201359295233,0.808425713594786,-0.5490479960577176,0.5339588579669696,0.1140314528561307,-1.7907899148472417,-0.1816360450060568,1.2183992555989551,-1.0061894689016646,-0.0575337201208823,1.792068609653504,0.3202384312464254,0.4916196447783167,0.0948176754126689,-0.3346607490393591,0
3,19,1.178724086585622,0.4876176752337977,-0.7355306659075819,0.9974209381243508,-0.2084926310202796,-0.3308235227242045,0.8930043681997122,-0.088832140844913,0.3889585360402897,0.6619395840707996,-0.7829430792723844,0.3848505646822018,1.3494731052616238,-0.9564671437396102,0.4499088888312278,-0.8294677345802876,1.0213976838403982,1.0119055837497712,-0.3543223402490986,2.2096286521908626,1.1066253091372844,0.7069289851361691,0.6506108961061356,0.9839269092062236,-0.99564240724416,0.1946075984610242,0.3831903853773274,-0.4001360633025601,0.4647952694439655,1.231694300434006,1.106633477885772,0.256502817804061,-0.6084140073614175,0.9182652709232804,-0.2055354312069373,-1.119079802477278,0.2342621562404491,1.3749335060835526,-0.8301391603596076,0.6704083890659962,1.5070731880220138,0.6636549311973119,0.9757183042887378,0.9977641158403284,-0.6642107689136821,3
2,44,0.624920464102357,-1.2551981149158309,-0.9396155812790264,-1.0492147690071647,-0.1752249666305455,-0.3524527035378575,-0.0012250383082545,-0.9052561597764432,1.0054953203063783,0.8340275687263308,-0.1738135128917204,-0.478366716587938,-0.5793574933451994,-0.3101449950106793,-1.4002452287511766,-0.9596073122118406,0.8601203919849665,0.3018124860758687,1.6342744859765308,-0.2991951501693214,-0.3615132271068674,-0.4078989245436482,-0.3191644832181686,-0.659954013146598,0.2709882146871999,0.0291040671484112,-0.5099145018382725,1.2511489130189024,1.896582922486307,1.1665772055734005,0.8265993089827133,-1.5519919502432469,-1.0047226038254933,-1.2267240996425108,-0.2183158718053831,-0.1100489930845001,-0.335074579140744,-0.6886152142509451,-0.4188277291849479,-1.2731901730337534,-0.5349999262407883,-0.2920848896535755,-0.2925778526198604,-0.5797848081753371,0.3875933434518042,2
8,35,0.0927013683015591,-1.3633746720629294,-0.4346297828822762,0.7927029496542347,0.0632770199101315,-0.105379744477157,-0.7266166999350964,-0.5475413964451052,1.5853633721787137,0.7797358777052895,-0.4620976689887008,-0.1055293587319243,0.2473336128335002,0.4380832815972117,-0.0243160547740172,-1.7703785232805254,-0.031479281709333,-0.0924900515130625,2.0572992272863457,2.6917532958709813,0.6421646849882297,-0.6771279108178737,0.6790160760438262,-1.6984925816882124,-0.5326813069143703,-1.626384874504523,0.5505529479153625,-1.2106710608841014,-0.2869899174600812,-0.0441357761681578,0.0489616176343389,-1.3240199329750315,-0.2969503101926291,0.8601160320632095,0.057467669457406,-0.5334547150372252,-0.1532703313443104,0.2544410248712808,0.5639790433187869,-0.0304690135005074,0.913024036627202,-0.483481426729505,0.9012763513295288,-2.387265936301819,-0.4755581514559248,3
7,11,0.1358578495528879,0.4811664082986199,1.2571283082609743,-0.5140189141911219,-0.9049939934941328,-0.5468297061108588,2.2594321350986166,1.5004280297346428,-0.1694919708072041,1.284803699871247,-0.5724848065451609,0.9545186119264572,-1.3789187098739666,0.3564902917835151,1.0194699250294874,-0.3266334019375888,0.6134157022483732,-0.5615575147736843,0.303543647002931,-0.4815442578610494,0.819137814070018,-1.2643676561550858,-1.0152174391128763,1.3057089032153253,-2.4594747312114733,-0.6410085435384932,-0.1420802522891214,0.3530078126329339,-0.4778064742002134,-1.1257607399200642,0.1588878890531334,0.5761307051519989,1.7902227637251902,-0.7102479399945764,-0.7134253359258033,-0.5468164478042618,1.1905414632997682,-1.9532897594561212,0.2984411997043035,0.9628296380951636,1.1463655712978584,-1.085439242552255,-0.9954338828584932,1.83387356179124,-3.202834288537546,1
4,44,0.6846249963118912,-0.243902948600842,-0.2830216055389282,-0.0090562636229811,-0.8701764701253999,1.553247186688754,1.2981939116966108,1.6181067830476878,0.6834172312388914,-0.0294781150219372,1.614729303006885,-0.6809668359129796,-0.8712089790330124,-0.6015115147698592,0.5228712669142984,-0.7621051933876727,-0.1553729882179987,-1.6018552938847763,0.4810976654282442,-1.5171033671831091,-0.932161054865362,1.217167134896644,1.1803183169861102,0.3743130895464978,0.2756635817352305,-0.5309596471542593,-0.7729036637422013,-0.3622416977573796,-1.5136541744623178,0.2524485549536634,0.904637312432796,-0.1324139131179654,-0.1694317038631188,-0.00924641007497,-0.9475715178401416,1.9859340365822775,-0.5170313757508811,-1.16895371534642,-0.8740818499735457,0.5223689463678247,-1.1750182468611243,1.2474117354036085,0.6721523657349001,0.3092243526820528,0.1619486850843566,0
10,36,1.003101367153822,2.545222767317228,1.1659770669319522,0.1699855790421916,0.8012135155127206,0.1316912243850263,-0.2483445965358871,-1.040965098006765,-0.1192916104529092,0.8957015563672838,-0.8019720918324517,0.4191913077599555,-0.3358601472414254,0.0521588975400488,-0.0039243888099401,0.2474675119245951,2.320705258044072,-0.4630020427864223,0.0218426304322288,-0.1554658986134471,-1.4413265392830472,0.9191424123375328,-0.7736677652373655,1.4319245948545989,-0.72470259353035,0.4430991350184672,1.7918887816181848,0.5134440253513622,-0.5294183056209214,-0.8353021555832577,0.9802351512681552,2.153397191822892,1.172793808371026,0.1165960030679237,0.9471578743337676,-0.4456838651671758,0.3611121450764833,-0.228060205537066,0.0641519635085998,-0.0054299936797403,-0.8342199238959982,1.1811327947860937,-1.0798253478759487,2.110614205252826,-0.7822340154809073,1
4,20,-0.2106541759654285,2.4292619588410505,-0.3240031890937608,0.1080523932719612,0.6956723272871127,-0.8605967491761027,0.3165115750031875,-0.8178073793170559,0.5616308041611485,0.4052707191343388,0.3157724762410729,0.1747107166567036,2.014963410502736,0.2376144401777334,0.5321494371578368,0.3693256164464783,-1.0010259032616509,-0.7686915517853631,-1.0837254282664197,-0.782590049425872,-0.5065899725711563,-0.2018860123318856,-0.2136161055489696,0.5762792825388318,1.3505356515561946,1.1430234362484604,0.2783040507707846,-0.830631543665161,1.0492894182985102,-0.5506728409637668,-0.2641915102654645,3.3827922778786337,-0.2733624228864584,0.0739651419535258,0.3630029871260689,0.2385682163343806,0.1515041611749335,2.9137720658211776,0.23556445339914,0.5621836875027966,-0.6991593917106185,-0.2796261609363061,-0.2195793757025813,0.3536646119416152,1.0406095505023445,2
9,32,-0.0420437679643103,-0.0172462883109958,-1.4913222845284002,0.0598520305943292,-1.1458411396778154,0.0615944415836887,1.9397682632366895,-1.3895535791170603,-0.1469054250386752,-0.6354977408001427,-1.0403182977453251,-0.7912414773973764,1.4708228726979409,1.7364860038419647,-1.046344934756216,0.4009092146219105,-0.918993313556248,-0.6783237193907298,-2.049231719534528,2.131828467799029,1.0983185669536937,-0.6516849238248302,0.2848393011864897,-0.3999816600082774,0.9459521410358804,-0.3412560203212926,-0.1947746411999156,-0.6620532221907275,0.6038930123616106,2.209328354464066,-0.0275123272277212,-0.0115167213397089,-2.2209542899539985,0.0570228247263352,-0.7170688656372136,-0.743609156346536,-0.6079488598851611,1.4868802332942326,1.4509176324240394,-0.9992717447984066,0.7320288318409287,-0.5387666237493206,0.1624485797247849,-0.5558586221154271,0.6609864018317418,1
10,27,-0.5109135406710672,0.926060067526564,1.3608391004801064,0.4017749537697648,-0.5149729503889261,0.53600427101231,1.6808907572318674,-1.3311401902739377,1.1081542393054178,-1.2889165619233345,-1.5175744938679123,-1.2335199169534126,-0.0393863649211739,1.2629913380626965,-2.011072510263905,0.9895401601486172,-0.1531045637985523,-1.1028882392272452,0.5915760363900862,-0.4748313514705287,2.258902857604916,0.4984621102705311,0.0559542376926986,0.6482187663751218,1.3435233592579636,1.440829834435806,0.928038593579844,1.3767995432360802,1.2032649789667085,0.9092910737061368,-0.6688365225194184,0.8362831458158969,1.695379598488712,0.2411468375865222,-0.7086996627506456,-1.198951090708517,-1.11443629160365,-0.0513444754279708,1.4360047805985017,-1.626209521419644,1.638606125023516,0.7266154202761246,0.0328885782153108,0.3269194819424103,1.5758654401106686,1
8,39,0.893892434684547,0.9169702127818108,-0.7174193496014273,0.7370289720556833,2.146827734839485,-0.5529921587311022,-1.2179825110989488,0.1405624724106263,0.9374397156745928,0.2165119831820116,1.7837710132932216,-0.8603811349755757,-1.515560668309479,1.429000707191537,-1.4079397076571645,0.3171212578138319,1.4018209857387265,0.2162909058896532,-0.6979131663661757,1.2722903658895002,0.1707834884889227,-0.220873753130398,1.643507305404476,-0.3761455342465612,-0.5993374118723347,-0.9027397968312694,1.2160414523083003,0.4276463150476111,-0.4874735227350583,-1.4389809099905602,0.8120124851920681,1.1672450670069507,-0.5315591010969227,1.0825176077655307,2.1692917380174594,1.3950281535944855,-0.6747832094438436,-0.7855150742338638,1.7039845861677727,-1.796458280254736,0.0909298724282957,-0.2398544373117827,2.106438392617932,-0.3295937811302661,-0.5590269262138345,2
6,37,-0.0958301920794947,-1.99431879920096,-0.2179519357297047,-1.226962778968676,0.4747925242302419,-0.5731939126682504,-0.3997279449108402,-0.6430467021492662,0.6762225887882701,-0.0689114182641461,0.9460535701314542,1.2079581759548186,-0.2870441722599491,-0.6971083086249485,-0.4189527569962807,2.6618237151688504,-0.6174788376602158,-0.1747355556094141,0.2144637359051856,0.5465686524119167,0.1033676065359682,1.7739415785567494,0.2359687405287206,-0.1492839396202337,0.9558787976435384,-0.8866311799106334,0.5391942979587996,-0.3708232173031573,1.2856399186701566,1.3626225597493196,-0.0572458170389752,-1.833714118871025,-0.2233807931662778,-0.9742529710308688,0.6556764218502897,1.265507423824225,1.2002525048638453,-0.2411260612355096,-0.9073159318417277,-0.2919645932745309,0.059076273587485,0.968058521097442,0.1271124106180053,-0.1476251944836282,0.7219882903184255,3
5,50,0.9469371819552072,-0.1797983525052955,0.4817410325876257,0.0759010228843681,-0.0950420036929205,-0.9467840637461964,1.8121405873077656,-1.4633936285052291,0.4122539740346844,0.3766565921072789,1.1543562861524257,1.3880900323792782,-0.1373885994167757,0.5303943059247528,1.7648737104525094,-0.0651767669222522,-1.0664334750651765,-0.3844681126994213,-1.3046459986144672,0.3718168109947226,1.0644562081406352,-0.1210414920675384,-1.6209600494536405,1.0216508350576774,-1.7762989615657787,-1.5459547779230411,-0.1783383874947187,0.2517852456754991,0.4222474987583541,-0.0661395520464733,1.2563608205072143,-0.1093049662133691,0.4858449996733193,0.0933642563395794,-0.1138976514974644,1.4554607181671688,1.3290332629052235,-0.0928641045743717,0.5117628501985356,2.0258760286295923,1.1800477288824518,-0.0690568406480094,-0.915765325488824,1.4969818867745237,-1.1578013529300553,1
9,31,-0.4832833942975867,1.4320096713686254,-0.1366186914775723,-1.328075032754712,-1.5117465380881645,2.2068049320544696,-0.2233343694341023,0.4345785009654183,-0.7713772263396093,0.3209859692714158,1.459329651601532,-0.6522631837437548,0.4585867799485826,-1.405746275890388,2.022866118366792,0.2685359302445748,-0.4127938443522919,-0.2978741232861638,-0.5100381745143354,-0.4589051641234932,-2.44749514234966,-0.0979657320967555,-0.1398786806057122,0.4886615372604771,-0.5231437464415264,-0.7710363141410225,-0.0077749444529751,-1.612368118090484,0.1434231875345842,-1.861819259521721,-0.5651000953381347,1.8291042143687868,-0.1653301725581313,-0.9370774138692024,-0.9310842683747054,1.52127842749319,-0.4558744300894752,0.2682428719505384,-1.4438340476314009,1.672493943917241,-3.0744186047868127,-0.0797628791537268,-0.2068410021204234,0.6149918773194191,-0.2917537212547273,3
7,3,0.0679256433194458,-2.499959310603816,0.5729140482917215,-0.9722052072279642,-0.8406465727279232,-0.1674958734123752,-1.3896973062030795,1.3312062661810868,-0.8238469311483309,2.632691479462288,0.6302002105195784,-0.5682938649805763,-0.3063971417129329,0.1485910723470404,1.6987204540192324,0.9502862368925094,0.8752544488873382,-0.3055706279304162,-0.5669264192020004,0.6374050087283539,1.333570539925672,-0.1380296702454392,-0.6846704451482961,-1.0332956306600265,-1.673508012728154,-0.4468064601826213,-0.2543898716545911,-0.0200639700516544,0.5416392620949964,-0.4687677617180662,0.0620488496927029,-2.84096817969034,0.4195380411368338,-1.1179180252573302,-1.2609478910182732,0.6902505009273586,-0.6412392486476981,-0.1873679263159505,0.1342344216132962,2.3114912173461284,1.779345796319234,-0.1411214120624036,-0.960903577446184,-0.6643440117015542,-1.938239248957913,1
4,43,0.2230302575851341,-0.4718446211555048,0.2775539701598618,0.3296255311747403,-0.910026446543866,0.3949712816904657,-0.2672120236946457,-0.6999809002033711,0.7873751382239931,-0.7769912116935443,-0.4566675899047263,0.0720508501866558,1.3743116206542387,0.192784077724298,0.5282883324746676,-0.2976425359964962,-0.0784896243763409,-0.0488772335195941,0.2933062360170246,-0.2959675730482601,1.3399998854762094,-0.3731662385021419,-1.7072411352053674,2.74279660437002,-0.327368690943752,1.3131697870913477,1.4047908419597586,0.945214312250382,-0.1980272195974023,0.2866848198743428,0.2462744442877346,-0.4403520897348297,0.2450167777408392,0.1999882779076566,-0.5771691041209962,-0.6105592984197247,0.090045797322748,1.212611668740255,0.2561110603623056,0.3068119993381228,1.5071969200110735,-0.5105571112000992,-2.285764089671652,2.393865590321227,-0.4076505763941109,3
2,24,1.575245606769096,0.1829576633927227,0.1610873689271816,-0.754080114733209,2.167017072484586,0.9908157774907052,0.5119562095511141,0.2395546213963597,-0.6607331523918664,0.673271044960149,-0.0667026254657238,0.0575204229666365,0.8909705245069403,0.2844526576283307,0.0181507661607797,1.4356482854186674,-0.8188703195614008,-1.6548767888540477,-0.7959977166193544,0.1520418107652745,0.6945501040036444,-0.7441139651061446,3.6874668014983,0.18216095444462,0.1517815684066938,-1.2896345078352776,-1.4427987011490615,-1.78309546463869,1.3714190019041983,1.2124509509434849,1.030665266114254,0.1828820384137334,0.2078796169421226,-0.7113135797433505,1.4428096552177645,-0.0542437051817615,0.0409763738401118,0.5575849176336877,0.2496302839834531,0.0188937903385688,0.3978046314491305,-0.8213703862855493,5.505478056951013,0.2667063950429429,0.2017440357824187,2
2,47,-1.3018077347303465,0.1799303118113388,0.4812744546497187,0.5796073501379316,0.706866783741549,0.5719050117982476,0.7192658541312512,-0.8808023308628828,1.3656736844771362,-1.1845636870990603,0.3703444894493176,-0.6808915732198839,-1.7178137320846552,-0.5701098510004964,-0.1184500564654495,1.3869088340596765,1.8196725713055435,-0.1296407092456047,-1.389028820603181,-1.3061207588647534,0.7718693127423429,0.7081572558078263,-0.6073676181233753,-1.1742279297823626,0.9922747294398716,-1.2279891832805916,-0.4443121908369156,0.473492435420027,-2.0009054484548625,0.9533482552360616,-1.3093294171556151,0.2016583079370892,0.6707039927361317,0.4012579187192895,0.4149354582274209,0.4174567226600365,-0.6088061602852237,-1.1387433495745982,-0.3518074730349889,-0.1254279240470459,0.6178586876689329,1.0604133557418545,-0.5502148228929098,-0.8363868300220401,1.120128380822204,1
6,41,-3.4415792471851825,-1.1681339241923536,1.413529805095847,-0.2217184938117827,0.1839293262715964,-0.1289197080061902,-0.6273183204530441,1.0951930995855286,-0.5718616155932046,-0.8284815597870121,0.6567619783725123,-1.9306522347345203,-0.2854235209552161,-0.5189570826434774,-0.3041546491212015,-0.4883837695554094,0.3750875717338467,1.0996862200399624,0.4593369247856475,-0.3369136178676842,0.6314334252071935,0.7485912982505656,0.3609287229901454,1.0486498944735392,-2.347395646413385,0.026764397752239,0.3078534436267028,-1.4812357116409642,0.220771218421698,0.9149506585392492,-4.885689514459428,-1.0009942496514517,1.689363145369439,-0.2546803784480166,0.2152771083839349,0.7520200572789053,-1.3932642108739584,-0.1836959802427067,-0.7673446061684014,-0.1658540485805913,0.6110611647022375,0.6925070755952714,0.3104055443358827,1.3443522327699975,-2.923329845044454,2
6,17,1.2406861651433423,-2.0203822702982475,0.3526300948427409,0.3363673927668584,-0.8577974726390025,0.9602467824654132,-1.399035296590558,1.0645358472303923,-2.1556857596153813,-0.9049202568184824,-0.13988794267799,0.2176597944645903,-1.868083748368918,1.0429093955848912,0.7535600250617325,1.9033130814242465,0.7021115994891354,-0.7364100104580964,-1.07129887026688,-0.4205915344400402,2.1808150497041847,0.0476071644461577,0.090253892344656,1.3794609163016796,-1.1645288260785236,0.538960281037568,0.5163430005440565,0.9573574551117774,0.8522934503006728,-0.0586911529293146,1.106444878550395,-1.4851292860713423,0.4095456474053336,0.3610215038785504,-0.7164735384458368,-0.1180184997939401,0.1955042711632748,-1.4779131006160764,1.2621721336196785,0.8676176685654227,2.051662063098548,0.0427443151985737,0.0780742441373989,1.0807639285210968,-0.6820606475843988,1
4,45,1.0061293591550473,0.4118685977910636,-1.8064588301661648,-1.04176845697387,-2.065883123890968,1.6967761962665655,-0.9916424801939532,0.9101967897584078,0.9458833089552228,-0.1206708445145842,-0.6645719945527939,0.5127654106810563,0.2154258585837173,0.9362377014298836,-1.1733060291888378,1.022432302436312,1.347680221679517,-0.2567680428865747,-0.955984052775386,-0.48328541043331,-0.6401301804033955,-0.1808358257717809,-0.7381316898065622,0.4565078443153574,0.6366913765095754,-0.3590010523112517,-1.954476704868736,0.4430260731099926,-1.4751265172851364,0.2495886317201393,0.528392104436156,0.4545927484472761,-2.1932685122127054,-1.43741312074934,-2.627562371181336,-0.948130045002298,0.7619455441396829,0.268191287711943,1.280701366901771,-1.377146249386507,-0.429487529325605,-0.123276221194617,-0.4504518437104191,0.6587292788257999,0.7466808928012966,2
7,17,-0.4696949043195196,-2.0037383797818373,0.392041680682498,0.4859078302454251,-1.2123919966643433,-0.8485373405837365,-0.4078284230102665,0.452325414624367,2.4835761811087123,1.1177126632135372,-1.5084417976784572,-0.4362128798153429,-0.0945329520771399,0.5024549355147534,-0.8124785325503856,0.584530585647421,-0.5130440985117913,0.5829341725965863,0.0757936982498125,2.0454332383531897,0.9788217067776648,1.3138878159144922,-1.0576600859604215,-0.5320956593674543,0.3271749844073205,-1.233395031124662,1.0453836520208049,0.1304766826084244,1.0999288477431892,0.4823222496438355,-0.2500717024271405,-2.346363911162712,0.2876443677412159,0.3658103455611606,-1.47981721518426,-1.95106833758646,-0.3802622420473843,-0.1219547699048407,0.4741891699965597,-1.103057700367824,0.5137872061778845,0.7666470641897961,-1.3499463621904757,-0.5981232117084969,0.3464849349702373,2
4,6,0.6520014558527486,1.295316761604936,1.680820167294172,1.5179142862230115,-0.0719786037173885,0.9022849998719265,-0.2980604607142,-0.0544440909480245,0.4792416198545909,-1.4484461823214034,0.3686431404497469,-0.6914413753914558,-1.1861102777281374,0.7949140617092454,-0.2607861873723939,0.2199869682815086,-0.2363748238761749,-0.6166441037860069,0.1175704384809491,-1.362248247195733,-0.0962390373887441,1.9807331982851424,-1.1994765585898897,1.426158300716195,2.0867978044352475,-0.7855081867916142,0.3276089583419018,-1.2997293701154606,-1.4493704328559087,0.1671700129349727,0.4180700551566907,1.6307549559715488,1.3826198880311458,1.1293897558481374,-0.0891007554069559,0.4556682444389631,-0.5368362291133266,-1.6280175587763186,0.944556765044337,-0.2205636257816738,-0.0892607111217946,2.429784599580715,-0.8535281270296878,1.38160624559694,2.407243015912166,1
10,24,0.9436308178168978,2.211998199534136,-0.3903840994102916,-1.307614840188023,1.5043080027023767,0.1718044907160038,-0.8930573046829074,1.8723208407197205,-0.6060691790963968,-1.1197898753354474,0.6016104825875591,-1.301748121911409,1.022350688996433,-1.1523123119218026,0.2514900346627837,0.3166796597899832,0.2649183372258612,-1.2876938138654106,-0.1945314141952151,1.3735881093374234,-0.2020167186416995,-1.15088034327613,-0.4450710991354603,-1.2582965283438698,-2.181732230301142,-0.1764409173529754,0.1000104993418047,0.6988849347846179,0.46736527148514,0.6146474157096987,1.0957123140357807,2.205116116381151,-0.1960406603290335,-1.4559867585504545,1.2876236465244009,0.3716521952936776,-1.229665464565214,1.263168790328169,-1.6843093188940257,0.2198286693672011,-0.2106475392556281,-1.5551205997754254,-0.3711890385154894,-0.8081500616504753,-1.7058567914872358,1
7,14,0.4741181974772932,0.4824750765752649,-0.2696785442185508,-1.4553952046958791,-0.3506593868772739,0.5282743909955926,0.3024471041473975,-1.9509413454293696,0.811356491826011,-0.5535070778687843,0.5726800594006936,0.8149105393661576,0.4702857034731065,1.882178550606546,0.9993754747489684,-0.4534723163179655,-0.3514868033751526,-0.0752767517761518,-0.3514879964604598,0.3695253444574869,-1.1338480326378215,1.3822234493578345,0.0414721362082334,1.353158304904339,-1.1835823634180216,-1.1800123353965095,1.0793529600707414,-0.647332109339369,-0.9968356126300728,1.164070626326694,0.4694756742573763,0.2779796488023593,-0.3579983398209048,-1.1147669566781735,-0.4871448364716514,0.6281135953051268,0.8701779043375331,0.3116671499340561,1.071967237632315,1.051959195347349,-1.0975525630177456,0.8565404201796906,0.0553896759463185,1.2411710848540645,-0.9000644406663161,1
1,48,-0.2569514118504875,0.5469949335156379,0.6569580042322054,1.188617189005695,-0.0638366466292815,0.1591973669931271,-1.7801132009214675,-1.1101981239674472,0.9111278461829934,-1.091854875788164,-1.67560559115674,0.7687401243645217,-0.3947002163270649,-0.7948875011679194,-1.4789907391470043,-1.4718295585051326,-0.4465892581424016,-0.1412575628143003,1.2438037035031742,-0.1330597149864352,-0.3207981685575945,-0.2893750054618857,-2.2526171657600007,-0.4900330155063487,0.634616742533975,0.0869871512396768,0.7757722215290748,1.0819539407668284,-1.6451741008740206,-0.6503868298938237,-0.2672973300392579,0.7578305903027539,0.9044620120471868,1.1238553205451582,-0.0476362049971384,-1.2153912163548792,0.4104983219088163,-0.5299498684676256,-0.6079601935119269,-1.2704517744833523,-0.4199941402576895,-0.1794194633682864,-2.1652923862505924,-0.3049678230772329,0.597712871143561,0
6,30,-0.9614444439743788,0.382007205452763,-1.2257917407817274,1.7199845303294037,1.403619668528335,-0.164171618953644,-0.8972931814242199,-0.4257698727753605,-0.2956656120854282,0.3835671317070648,1.039632329301116,-1.03651263075859,1.0109095653427445,0.617685612811298,-0.5077894908066064,-1.0867118956770103,0.1162327172925677,-1.059588483702084,1.023680849162606,-1.1238827721322049,0.547706193163144,-0.0806163648150821,-0.5606248843752012,-0.1028315063192908,1.0799831696342015,-1.1922574089937898,-0.4121565551918167,-0.7517435646871881,-0.0386171335487146,-0.6846808925126543,-0.6815878467884937,0.2258610064851479,-1.1169608133333588,1.4640945273469377,1.4562803020237003,1.2985409666108525,-0.6349352325139022,1.305211209202094,0.3250817487356463,-0.4788972348471083,0.595592302760572,-0.1174579365689284,-0.6020679727666635,-0.0677401718307145,1.098928024170623,3
4,13,0.0038659348320997,-1.41589273706644,0.4556609409607806,-0.6534223787482349,-0.7475148235000917,0.1665502576034079,0.2602565636236518,0.8712843018855585,-0.2613619167931144,-0.1057814648781459,-1.386324080778408,1.4483994232518629,-0.9344404570202748,0.7248346986695466,0.7321872924638225,0.3999026547279765,-0.2373903739264865,-0.3627357681889285,-0.0640763173400157,-1.9038885318519847,-0.0260990363013256,1.48575093966304,-0.2258514888722361,-0.0327401667695497,-1.024117539770624,0.1856873088422738,-0.7779691636196633,0.8498565017378237,1.1413282628968906,1.3595966254836545,0.0043169951095231,-1.0859217771504366,0.3495328496692149,-0.8906460948935613,-0.3833310827407864,-0.944811238352738,1.6079709168236425,-1.230701303881339,0.6221586081332502,0.8445366429703489,-0.027590763771848,0.8387659907116548,-0.2533489521195177,-0.0430174188012918,-1.5284425020198311,0
6,32,-0.9483379815075011,1.7763423118757484,-0.2947071781136514,-0.9163345062590345,-0.7750973937953827,-1.332240545444822,-2.2473031096242413,-0.1165934221057276,-1.5546034876955204,0.3136676975980828,0.9842826502432088,0.3766200468463627,0.0439876916339474,-1.5408557889491703,0.8460493484671823,1.9465639205096608,1.408269074774673,-1.3305352926511669,-0.0779673919667979,-0.2827300147939021,-0.3980366057355413,0.0270780382492379,2.165082217434605,0.1073573175872363,-0.444343141320289,0.2979033663239351,-1.3133070786186722,-0.716075901992217,0.9862320735263328,0.1883443263658747,-0.9678409277731052,2.063171956432393,-0.2527692973751245,-0.8138445883888403,-0.6093622755506027,1.186687871332823,0.3235872566175585,0.0303830201874751,-1.3396209029972128,1.145404627124048,-0.4928696404704563,0.0226004367107606,3.045857073095529,0.0617124897678138,-0.2442793266294771,0
4,28,1.0419498938411955,1.667066148357472,1.3513305471076535,1.0589160358952834,-0.7512417207677052,0.65902862649258,1.2146352740636528,1.855798242574653,0.171124625063127,-0.4919595954748426,-0.8841316620708443,0.9794303523498218,-0.6667307455268605,0.1072433483960449,-0.8802656394770324,-0.1589216586226859,0.4389857699636165,0.2692505733072994,0.7379489077517801,-1.3740924970915869,-0.1165434059596807,-0.4702004474082574,-0.9823519788494222,-0.7495137717600987,-0.8940818499158115,0.3499308399843595,0.4001388997132096,0.8756242197871619,0.3280628707359798,0.1588039313035504,1.5028802603414655,1.7531739888805182,1.3450871530729802,0.8845989810434663,-0.9131881081648724,-0.9179133488221832,1.4034013442231492,-0.49246462945064,0.0868942111203926,-0.7183763795692363,-0.1522055080721179,-0.281669032047771,-0.9387838050892352,-0.6952345367806807,-0.5124337326160284,2
3,28,-0.7453815841608601,0.0229289721025655,0.5823060485028645,0.012505015343629,0.026698409035857,0.4036092126290777,-1.832709085083111,0.1289945872346942,-0.0749326196232097,-0.0071001222157352,-0.5840597304344906,-0.2054727676329154,0.4026464184766317,1.60904778550253,-1.6913708228202795,0.5717838902489225,1.2178635150022223,-1.2705595069383429,-0.1794125499929276,0.2757755205987887,2.0089465111901315,2.173327671575556,-1.2707032796455788,-0.302232371816683,0.1994909986240912,0.5564545027571425,0.2007979139785592,-0.9481139684501936,-0.9923101616359872,-1.541251424037345,-0.7007861179330654,0.0211567235784393,0.6778676480442263,0.0158609621590965,0.0221377251096982,-0.831913631502747,-0.2955656546881769,0.2177070680234722,0.8285128464880107,-1.5646301999909364,2.191047971917742,1.69064191348756,-0.9649895441126448,-0.3561306281448441,0.2197800879343796,1
3,43,-0.5580977170200714,-1.3656453456141873,-1.0028632145582297,1.3809929928593625,0.068477175925754,-1.2491879025228685,-0.9333610487377788,1.1645107861260195,0.0868200842792952,-1.6747436323381808,-1.1021454723067114,1.1528671143604343,-0.5678310204456329,2.0947977857158637,1.915454605321745,1.489556406742953,0.4981997802740894,1.0330432462750678,-0.0558082034357701,-0.029867733267455,-1.200093334930599,-0.0445942953864631,-1.2685561994417414,0.0062486827224246,-1.2110585173479005,-0.8685318941369001,-2.5548930697378687,-0.7826647732737368,-0.7197176956119749,-0.3089847895368871,-0.5494399594179665,-1.843905295517685,-1.2337457299527517,1.6856053622887743,0.0593075162249503,-1.3318536184227616,1.1131294927856796,-0.3692469362320347,1.925223381216739,1.2119821247744498,-0.7374367353991,-0.0233254613059978,-0.9930946767543842,0.0051918729087909,-1.4525965246335515,3
4,46,-0.5558863383335194,-0.7684283936394454,-0.0862453181387959,0.6798484135769907,-0.0400899248722612,1.4795085246426098,-1.175770705525406,-0.0966132738803897,1.1006601340851094,-1.2038990629769664,1.040263865735755,0.019796006551516,0.1101184423610601,-0.3395531362906933,-1.2089632419854317,-0.0788092261659914,-0.5557838042553015,1.5243057504195965,0.5104226145963418,0.0344987990672801,1.317739145856588,-0.0561121949333495,0.7028806161611576,1.1642117985545597,-0.2722665720484943,0.4349412171420012,-0.4366910033116121,1.1461830631428516,-0.0272435223269604,1.3706198957817954,-0.7547320251401536,-1.0718373790477826,-0.0946666452614775,0.6850335880791328,-0.0514466045362579,0.797868032685156,0.0102018458703186,0.099887842527111,-0.3421928674977345,-0.9638613220068004,1.164040531523394,-0.0355222869695496,0.5463420062150017,0.8616277360974882,-0.2180819449473231,2
7,46,-1.591170105963997,0.3762131438247811,0.0180973624516439,0.7077920955465603,-0.3918924134963676,-0.659752923021766,-0.0878660679460409,0.7016998339782804,0.2998398741546436,0.0129405676703937,0.6643830594568285,0.005049654972028,-0.5915264465239418,0.9075402079931332,-1.248361462967157,-1.420352285053936,-0.0249422034239299,0.0858333817091508,0.233022917385294,-0.3276136992155161,1.3530853006901484,-1.4985440535974373,0.1349843545203406,0.7586461659888133,1.384351736041379,1.3343277273275442,-1.096186876278768,0.3621382208945832,-0.2140449090781876,-0.0189485614820969,-1.7920788876440683,0.4045639249098778,0.0148061257917812,0.7247051438095383,-0.3891718108933057,0.4988953485603979,0.0040058284114737,-0.7468263893266008,1.1396275701338858,-1.210638663832845,1.6473934669727233,-1.4248176046429,0.1824143518160027,0.6318055964674285,1.9758748499998209,0
6,18,2.0086410409000472,0.4196706348362045,1.2610735977884886,-0.8946314219600534,-0.9314277966290834,-1.6324335444941314,-1.0556468064186375,1.5172666520403664,0.3314621484356052,-0.2674020752903867,0.2041950128765605,0.6801965544204814,0.7785059843843869,0.2185773952231323,1.382717432688754,-0.9707614429313984,-0.3506658738266572,1.1702627748711174,0.956357303517618,0.3708288745835837,-0.5429167631022019,0.787567448490261,-0.9091615610639726,1.1820155697088677,1.521722899508566,-0.5761184143913367,2.5883293103328744,-0.9973345762416956,-0.1890280911115461,-0.2136432396380992,2.609998691648252,0.4105161810621892,0.8136404357652086,-1.0617501995119685,-1.341897190675973,0.2189892425934489,0.4072336810226328,0.4318766667500809,0.2832484049632974,1.557055496803954,-0.7723845175611201,0.8247801293919043,-0.5113082827476567,1.0681719268395666,1.7621409482472536,1
5,30,0.033454120201485,-1.4231602771485647,0.099428458229034,1.2168367914244391,-0.3534597702862842,-0.5362042805401637,1.997844773627145,1.509701819187646,-0.7645978705554142,0.1390131810589751,0.3286782423480826,0.2036604227261782,1.814673447712788,0.0872298924194203,0.2372348756310168,0.6886622951464159,1.189919716047667,0.9368991943041058,0.5380847863116393,-1.5586998053939085,-0.488137724058426,0.8194212072052708,0.2503986972793056,0.8261286338229519,1.887166061671248,-1.1769632050593244,1.1379101748045837,-0.3303634624936311,0.9353498192747322,-0.0412207433681174,0.0337822409171141,-1.651390198990778,0.1489184186018484,0.7872518381340472,-0.4371340008176613,0.2099834009564126,0.2726740900254388,1.989704837449611,0.1254505037536623,0.3240525445797572,-0.2806167279948616,0.5222192180574796,0.2757317660049922,0.8412588822972574,1.2616934245104978,2
3,41,-0.6038860500530543,0.085668338354177,0.2310591210829541,0.2812105299558777,0.0671876754939992,-0.6098212167272987,-0.8816651280823552,-0.3751737248355563,1.1415376602351135,1.3567996854914792,-0.076964536440435,-0.9415829664674248,-0.0811736103167911,2.0916654352700794,0.9989678353166206,0.5507426915325475,0.9626849170525694,1.5405666113413128,-1.1528662015471196,-0.3920398686971227,-0.5287216328368156,0.5871143970709833,0.1601108906395973,0.7563112906894081,-0.5068873498672227,1.3719520506791565,-0.0693337081493017,0.6945455519581831,1.1954064989229398,1.1151243154949684,-0.830042639298245,0.099797210529701,0.2453896809546852,0.3403543136031791,0.0840498200958909,-0.052792126414554,-0.5740520991171422,-0.0466625565803704,1.8282274830698155,0.9969701392361804,-0.5898682358980425,0.8560330579362462,0.1330181778258734,0.9536132817233473,-0.5227821305618185,1
8,18,0.3801773876054463,0.0938329453855689,0.0207086836854034,-1.0687269542063265,-0.1389171369749232,-0.3484058295044152,1.07270874076744,0.3793253640306142,-0.277997121745195,1.7238848764227657,-0.2689076762150093,0.5577867238861631,-0.1669213335892823,1.631152515028004,0.086859775813611,0.1164142278906736,-0.1398703587727135,0.1965119260012147,1.1995378386479092,0.8458438446846879,0.0280761811161709,1.701325106456654,0.8729856413425691,-0.4381811191973492,-1.380348353733938,-0.4150138017965702,0.4133487785502528,0.5972003706314267,1.359137683302019,-1.094545975119,0.260180814188016,0.0827885348827636,0.0181637436049609,-0.7886528222532329,-0.1911933295121426,-0.3170006673436654,0.4350397928694143,-0.1238757870484914,0.8448611068878931,0.0735339447721854,0.0288278165152441,1.3231391510347732,1.0479828383540375,-0.3995114290498127,-1.1268029824413246,2
6,9,-0.6411124275444524,-1.4946702201942292,-1.367871776945431,-0.6221409545721348,-0.6989028820243047,-0.9991718428459944,0.3770947274423444,0.5142655924148591,-0.4586323973017281,1.9351522682653173,-1.746729366516092,0.0581638989722632,-0.2185802040879252,-0.5507008819672566,-0.6976628460130594,-0.006959882912358,-0.2255278273217287,-0.3918765271125594,-1.2987196349893746,-1.618111817810499,-0.2885164751955654,-0.4020961044965302,-0.1970368602768276,-0.1086217978895087,-0.5225023418828179,-0.2124074238182055,-0.8535283081034944,1.5239458091632834,-0.7997401481499686,-0.3709807094653405,-0.4657705221621956,-1.095152655982499,-2.031568928525589,-0.830775537654722,-0.3601183006210531,-1.9508112706950185,0.0439666784803985,-0.1321048324474182,-0.6639248528495647,-0.4406477251997307,-0.2722847632082345,-0.4552392024288056,-0.207774335931158,-0.1605027292714975,-0.6718035264150518,1
10,40,-0.860792203752028,-0.5319614573942383,1.4336902318374545,-0.1198390368860435,0.686983686736405,-0.2694609087995017,-1.8027356300181463,2.3374118030770306,-0.2167731462346515,0.1561175445211749,-0.7325277198121316,0.7801316239135077,0.7065863087564661,-1.5572546726113887,0.1710995873048751,0.8771010025259578,1.200436866673032,0.6464489772378144,0.73433746826572,-0.5400937062533924,-1.2290387019419655,-0.3108738148769548,-1.2517653866139231,-0.73903108600508,-0.7539772953871173,-0.940704522280778,0.5322862544139333,-1.0127272634128923,1.835580437856084,0.9891500401425736,-0.7262716643841135,-0.6754492313354337,0.9026639017854642,-0.1283639916351353,0.5327235417645858,-0.7527527374143923,0.6425454070357021,0.91185794450265,-2.166564571903262,0.2126051345116729,-0.8303185294933718,-0.2408858287238639,-1.7767032976272503,-0.6926348087690603,-1.0866173072060588,0
5,40,0.7940915391664592,-0.1924528817609195,-0.1126765014014654,0.1388073787387393,1.1424046255826097,-0.3432815942959688,1.1377505258287988,0.2551274519279728,-0.7366109335075179,-0.0419938512286011,-1.120634035203694,-1.346007271613347,0.6068492485540589,0.7977689213047717,-0.0330237463769185,0.047681367386169,-0.5767636673049116,0.1698794251344246,1.981478770864456,1.0096967202535028,-0.0760573289268665,-0.16318935476092,-0.3763910047715011,-1.4110673558404296,-0.4829128472283915,0.6742317925034584,-0.9320182634750264,-0.2800573211844655,-1.118181142212857,0.7854446300551747,0.8964242062629828,-0.1391737887988235,-0.1000423407624654,0.1883160968921946,1.4153318439296163,-0.7335568416115522,-1.490983248111035,0.6849147313558146,0.4711371740621853,-0.0318945209781838,-0.057854406373563,-0.1578253439674092,-0.4806780335885539,-0.9288485765182328,-0.3010016086099529,3
7,15,1.7430509349237138,0.5886409981951362,0.2189868118302002,-0.8627657386726013,-0.9879887207391742,0.5018924500979287,-1.9950689094186973,0.5508173517138778,0.6124592461498208,1.3750531830276702,0.9818849845440804,1.1400412867499294,-0.5974647867668296,-1.4656404283160973,0.1756137081988093,0.4435235958651863,1.0113502617531425,1.4867315203334983,-1.164311669235852,0.8568926496489359,-2.2439235070726014,0.2752345114041167,0.6998981708694759,-1.526587324142757,0.6239401215078519,-1.0649010096640472,-0.3939102268300249,0.8596781801050425,-0.317680026350116,-0.333074336533866,2.4156862622784168,0.6795456552620741,0.3189206258413786,-1.1216302499033068,-1.252317875863279,0.981708892873732,1.5057721162665645,-0.5452777542723667,-1.9449055768461736,0.2208766121879359,-2.644326133617307,0.2283665290477392,0.7913830067330915,-1.5369492260854305,0.5999451732247604,0
1,13,0.8083674300579229,0.5820470805774158,0.1084399897274728,-0.6135759193909469,0.2757984090810329,1.3643011694937863,0.1753323972684675,-0.3953409130830503,0.8214003028561089,-1.3851233906846052,-0.3599535034019913,-0.9807749201516472,-0.1214861305329839,1.2464800012775776,0.640879637256476,-1.8679571143242404,-0.6187141946497247,-1.4990647307534786,1.0582891780988617,-0.5824671648393631,0.0758928207748535,0.1240424235805688,0.2058551698477734,-2.892739538444555,0.36112743663948,-0.5484630639094585,0.8458011890203355,0.2027612690762629,0.6316983467547398,-0.7281649001382979,0.9576499866463904,0.4457581571272189,0.1265905276798783,-0.8739612065433088,0.391202388781875,-0.4390088583392548,-0.5375363631828576,-0.1667110844094359,1.443147879538171,0.5193908101999739,0.0521573685283838,0.076435420585896,0.1132691103532185,-3.627794050638889,0.2657330959774926,3
10,16,0.6879530384229764,-0.3840609144811781,0.216809930524552,-0.8502188618334146,1.2142000973620712,0.661559745881465,-1.4163652200431638,0.0141378102513944,-1.3904780441407238,-0.7994959440513433,0.9209848288906608,-2.48604604421284,1.0452593406374162,0.3787962261566509,-0.0801189783624257,0.8778924651693,2.7028028302839613,-1.3292289062699565,1.6935130065120672,0.9664072672891952,-0.7047864699189194,0.5247883970893782,-1.1121249432273388,-0.4926112181057291,-2.1050373562495825,-1.348576994103625,0.3816982815111349,0.4702225060347831,0.4591516799966923,0.6361797256336812,0.9889217918802212,-0.4134001919521902,0.2347276553082751,-1.156221054537249,1.0313604395265772,0.5066175028610267,-3.107198061567677,0.7887413881226046,0.3690368489836093,-0.0593232831730833,-0.935315676862645,0.7652952276307753,-0.6172550375816651,-0.3612670926995035,-1.4515540300860277,1
6,26,-0.5493205302832531,0.9257624504569774,-2.2212335007751243,-0.0642651284296101,-1.7632509319919358,-0.91219327120612,0.5248137030093496,-1.274197480440803,-1.4237178187039348,2.3819449834156243,-1.3592890514201643,1.6505209030879733,-0.1722021645792605,-0.5248291214389753,0.5667863905882048,1.3365940755444992,-1.1460679421083284,-0.5102497897285304,0.8468697346842523,0.287994312427,1.1019178306413826,0.5151119544317794,1.808224009149148,0.1785885988336502,0.2218111483309618,0.3217213720157987,-0.142488851726558,0.8480871588009244,0.237041223863026,0.7881800091451439,-0.7525959146979126,0.4993345385371129,-2.57186049965862,-0.086627791564002,-1.1887873641722304,-1.579204258741877,2.1868654514595023,-0.1356865870296039,-0.4750996349609703,0.6061880873383043,1.1230390487954682,0.2777429020562438,1.0825332613657384,0.1072364850444008,0.1690795194546091,2
4,21,0.4749198737938048,1.5813759691714335,-2.031823556322141,-0.1704761489816962,0.4632803417903879,0.7802139722002417,0.3191273430690384,1.7614025499361152,0.028906593325794,1.3119927903920974,-0.6463676703459691,0.0579829465888497,-1.2127150757988507,0.9008644405489944,-0.1204428626411764,0.357821062519898,-0.3133686312850737,0.5864285016590159,0.3974339738557521,-0.9946514299712064,-0.9367674325830104,-0.0277687303413517,0.6595739574066574,1.862895553113848,0.302990856665729,1.0075314024885402,-1.6128509347641686,2.0129558494339825,0.6056862111291927,-0.0496045111587797,0.30321069820852,1.496327701283655,-2.3484370009312205,-0.1590560618191775,0.3628484033910152,-0.5089223494697139,0.0425395393447478,-1.0234141338620144,1.2356930293212574,-0.1210721224380908,-0.6934315327999712,-0.0245621838848309,0.3995899624119671,2.6155719359722065,0.2751756391673409,0
9,22,-2.1526116550845003,2.003740615336109,-0.7661725482447991,-1.1587327671480463,1.1434861588597025,-1.1628655179803165,0.2019642699147371,-1.1629956792023857,-0.3038887470450361,-0.2914149707319123,-0.7503546847495485,0.875069941336684,1.4170806526856117,-0.7653537017631118,0.1307242582889356,-1.3200533873601876,0.1057741782522865,0.8210504002028359,0.1126390281789322,-0.5665453559127587,-0.2560350547322347,-0.481628802967682,-0.2108600162766506,-0.652764019860803,0.1730208651413023,-1.1998397995944765,-2.787842869175336,1.0654929744875783,-0.0582610693795184,0.1183645702944049,-1.7077189821702363,1.2829088978203893,-0.9173292116698007,-0.9517477200760794,1.4896654936865363,-1.1043404181038223,0.4757626128143282,2.115874142502742,-0.5771564611576021,0.1202807439960656,-0.3271470897012856,-0.5612570430495245,-0.2695712299359125,-0.6307867711008349,0.2450091510327934,3
8,2,0.2943897135296081,-0.125225860557783,-0.0919648122600488,0.4991469945315488,1.077679720501177,0.5202703507528208,0.2607485351629449,0.071015760449683,0.7013228265636376,-0.6373705382056801,-1.508612589507356,0.1854968279288101,-1.011987779342337,-1.4928368618038836,1.6188125330497412,-3.322929606665437,0.6243194002245808,-1.0749642814207965,-0.8025896169599832,0.4320128268319793,2.3277193202008872,0.7011223580986167,-1.0196607673268088,-0.0454885338203436,-0.2884443333206429,-2.0732818377214786,0.0577345037352404,-0.6729158473572311,0.7392681797424095,-0.3082511650669159,0.3118275562357607,-0.1577716019901901,-0.1091744797279556,0.5092900244589549,1.341409975628182,-1.576056175676387,0.164249335882393,-0.9470230543472428,-1.9981641392449825,1.72124056195079,2.042099193615242,0.4765831213415357,-1.0149273411441475,-0.0342257597830335,-0.4198537675416804,0
1,14,-0.5014508801655875,-0.2651810195821017,0.6282037480060738,0.2157782729667862,0.404952848103088,0.8525141660155221,0.7330224635999503,2.110107920502215,0.4449035502637907,0.4480067664752628,-0.3041769174081121,0.0627958493954417,-1.283443065693987,-0.6184285524331321,1.1282807303569655,-1.550755852072095,1.396201814703551,-0.3002248142841742,-0.9087579045541304,-0.2764146010895311,0.5905169203390963,0.0881123474032102,1.9108109752500195,0.4352571616736878,0.5104716562098339,0.5396005626195278,0.1382588531525726,-0.2449014038762992,0.1021976686886945,0.2289169520524741,-0.6701604653421588,-0.2613490745629642,0.5145424207042479,0.2538068681543431,0.4017942070272788,-0.424414663207606,0.0925850680511748,-1.693890811633014,-0.9231156950879644,0.9572001983697004,0.8242171678088266,0.0731274002222016,1.180953937417014,0.4880859317967959,0.4874946298188122,3
3,9,0.5153361926661281,0.6573343570542179,-0.8806460380809965,1.337273588953063,-0.0883206369447932,1.500401154816856,0.4256686011960841,1.7539801250796327,0.6003177038560784,-0.1856113606356149,1.4056245440212878,0.1383102985242808,0.5380837717995279,0.0892523322171787,-0.5409362066620562,-0.1594227014482614,0.7116507104360195,0.972166109503197,-2.0196356705568577,0.3203146059980811,-0.077900780282475,-1.3701449314030656,0.8575111176550917,1.8066422498061192,1.481672227397792,-2.333288103571672,0.3245295532968696,-0.6496637247917695,-0.4482300976341353,-0.2521801757368629,0.7720932425702596,0.718691808666287,-0.8504734265045143,1.2877958288182552,-0.1293697655264061,1.6303215525044787,0.0924825031122687,0.5101888784330362,0.1137250397581831,-0.4994734825877515,-0.0630632855413314,-2.0431821489532025,1.231074803848486,2.6043838688667766,0.9359316440262032,0
7,20,-0.3701116034225179,1.5964645248001856,-1.5118047446784004,-1.112101893948008,-0.5316381701269749,0.4173992775365288,-0.2220201503800229,-0.490399252562421,1.420396431098524,1.5134449753891508,-0.4143797657075555,-1.7097678073296625,-2.15748382918738,0.2392901147803562,0.6559556222187976,0.0629977855785458,-0.0709081070807584,-0.8045426146940825,0.6549797939138383,1.67818537889891,-2.216877677335556,-0.0775011887877153,-0.9703483494136004,-1.4904659940538516,-1.129975870784416,0.3796728556844046,0.404962197591166,1.4602877611748,0.0087815471454612,-1.7582216298695783,-0.5413913655514435,0.8309462617393042,-1.0575416475244432,-1.0546954609793018,-0.6052380104868902,-0.2951329821136778,-2.44736839021819,-2.4650806404882477,0.3296058491679141,0.543995758954553,-2.94612831117163,-0.0680630333259234,-0.7304314399258923,-2.10402427834819,-0.6691925877498333,3
10,40,0.2120930441760968,-0.0178607009749177,1.596106515312923,0.2454376225787891,-0.0016126723945084,-0.2384908570507993,0.843184219245011,0.7079133390535047,-0.2738416303126281,-1.1556415146228087,-0.9019681383783535,-0.184162539542196,1.348927506119083,-0.2501766292469138,-0.5941236099655645,-1.7607193132486465,1.5135414356022965,0.56902814598146,0.7960099700058577,0.9616880519293748,-0.1647302287589632,0.0845906337475353,1.4886019419519942,0.1795808893191369,0.5875252900639945,0.8705507172005115,0.6429313324226437,-0.1281691702664937,-0.0338838428139195,0.7776404379759422,0.2661150468355952,-0.0208825777779419,2.0932062443045507,0.316047180070763,-0.0010534491652829,-0.6618060716874058,-0.1410190718606719,1.778558973306206,-0.3279169413023608,-0.5913522294499889,-0.178045745316636,0.1122451858532409,1.2096284119866518,0.0988015940431555,0.5773002574158156,3
9,6,-0.0399437749721929,-0.5844161452207307,1.0182358008276973,0.4949352367394736,0.9020871144779922,1.0514829612327208,0.0310245980856759,1.5739616566049273,-1.2164810547091849,-0.150114501439875,0.1489527314293922,-1.739283863399792,1.4148288631673296,-0.8684699215848495,0.0680395137416367,0.7548240252178439,2.31817397793312,-1.664914141142095,0.5963755106488313,-0.2759278166541606,0.6479638649450615,0.9374343834877004,0.418230102736629,0.079367394622518,-1.056974122767847,-0.9859588763567568,0.8055739529610344,-0.8591698608152197,0.4254105719564164,1.3022656329419728,-0.0460145780973776,-0.4961463774949122,0.5496004535126652,0.3730009346879365,0.9781359693812608,0.1955649092240734,-2.221404616403757,0.9613583350180038,-0.4789144468231644,0.091891448400216,0.3729610238427725,0.8374206928952878,0.2485230574858961,0.0844507738997559,-0.9125242670079488,1
10,11,-0.4058317773207346,-1.3423830314616167,0.644290593102461,-0.9660222970928196,0.5014692742032589,0.9248808928622516,-0.5493574316760487,-0.7174530724418777,-0.8021668549618599,-1.082219739677322,-0.4203574784240349,0.0673806024210696,-1.3830160053916845,-0.6419926559511446,0.1577766033466109,0.0346759248047702,-2.6671895879051823,0.633631828124144,1.2384496075818678,-0.5726414357366862,-1.734907476651366,-0.7643876978554843,-0.7938815451983209,1.1998553355219186,-1.0936480333605114,-0.3580345427567648,1.6782365603832814,0.1609805603773219,0.1955974287010982,-0.1011969716216127,-0.2819462930418982,-0.760140957369706,0.7373028786856373,-1.3034719808811333,0.7287014802778445,-0.5326648107127601,0.0471428392591874,-2.043629069129599,-0.9112674080040964,0.1046323034135848,-1.836895447287896,-0.8068245352537277,-0.7482609660645808,1.7809228735276583,-0.6120297591169586,3
8,6,0.5421826968087302,-0.5067860304644594,0.1169429533428846,0.4613957878970214,0.1695064829728594,1.4818377341549014,-0.165787815731049,0.033421192438285,2.583133115332564,0.8302558222845172,-0.9681354736199528,0.4979563970527663,0.7930743720183999,-0.8011942717243318,-0.3009910619144704,-1.191295290589005,0.2936624613351568,-1.6216246543760406,-0.788300735045307,-1.3831041287282322,0.3285348638095107,-0.3387128840027246,0.3972060822955092,-1.8352870541332431,-0.7812822168095997,0.789841814550901,-1.1500156009490614,1.022615021618736,-0.1522345652008393,-0.8367784059784193,0.6038390963264467,-0.2988909769042109,0.1190954402529699,0.4682540821377019,0.1913126852604854,-0.7209178579377226,0.2592567571533198,0.6541733491510723,-0.7199381041308072,-0.3418479061081222,0.469861317996794,-0.2382457389877694,0.4716161390607827,-1.096402155100189,-0.539570496156805,1
3,34,-0.7724172523331104,-0.7309754434660377,-1.2924797975909883,-0.0325261499100687,-1.1058233659986405,1.4525363893238166,-0.430940607793809,-1.9690155628213108,-1.1354255405753246,0.1350433529637091,0.6523549290685877,0.3539273557268055,-0.8223396341474432,-0.571229539935257,-0.6883402892486052,0.5666351370150909,0.1162951351142711,-0.4474031558130359,-0.6594597788528883,-0.5229400264942958,0.0084863407115877,1.3408216152681238,0.1865967417269424,-0.3366055700331034,-0.4145339407015539,1.7018944374152891,0.8247263799064221,0.9787111111740064,0.7473903585930887,-0.0499406142817543,-0.6504320657291881,-0.8251787855551009,-0.6618578957521243,-0.039393295810356,-1.219798659243579,0.7928687537188621,0.4971478164615124,-0.5316416961368122,-0.4350424745471664,-1.0296062519675555,0.0055694492754622,1.6366430745301213,0.2285951732695016,-0.3982022842972203,-0.3015488141148326,3
